Player,Season,Age,Tm,Lg,Pos,G,GS,MP,FG,FGA,FG%,3P,3PA,3P%,2P,2PA,2P%,eFG%,FT,FTA,FT%,ORB,DRB,TRB,AST,STL,BLK,TOV,PF,PTS,PER,TS%,3PAr,FTr,ORB%,DRB%,TRB%,AST%,STL%,BLK%,TOV%,USG%,OWS,DWS,WS,WS/48,OBPM,DBPM,BPM,VORP
Brendan Haywood,2009-10,30,TOT,NBA,C,77,67,30.6,3.6,6.4,.562,0.0,0.0,.000,3.6,6.4,.563,.562,2.0,3.2,.620,3.6,5.7,9.3,0.6,0.3,2.1,1.3,2.7,9.1,16.1,.588,.002,.499,13.5,21.5,17.5,2.8,0.6,5.1,14.2,13.5,3.7,3.0,6.7,.137,-0.3,0.2,-0.1,1.1
Andrei Kirilenko,2009-10,28,UTA,NBA,SF,58,35,29.0,4.2,8.3,.506,0.4,1.5,.292,3.8,6.8,.555,.533,3.0,4.0,.744,1.3,3.2,4.6,2.7,1.4,1.2,1.4,1.8,11.9,18.2,.588,.185,.485,5.5,12.9,9.3,14.0,2.5,3.4,11.9,17.7,3.3,2.7,6.0,.171,2.7,2.4,5.1,3.0
Deron Williams,2009-10,25,UTA,NBA,PG,76,76,36.9,6.5,13.9,.469,1.3,3.4,.371,5.2,10.4,.501,.515,4.4,5.5,.801,0.7,3.3,4.0,10.5,1.3,0.2,3.3,2.7,18.7,20.6,.574,.246,.397,2.2,10.4,6.4,44.5,1.8,0.5,16.9,23.8,7.4,3.0,10.3,.177,4.2,-0.4,3.8,4.1
Joe Johnson,2009-10,28,ATL,NBA,SG,76,76,38.0,8.4,18.2,.458,1.7,4.6,.369,6.7,13.6,.488,.505,2.9,3.5,.818,1.0,3.7,4.6,4.9,1.1,0.1,1.9,1.9,21.3,19.3,.538,.253,.194,3.0,11.4,7.1,22.0,1.5,0.1,8.8,26.3,6.0,2.4,8.4,.140,3.4,-0.7,2.7,3.4
LeBron James,2009-10,25,CLE,NBA,SF,76,76,39.0,10.1,20.1,.503,1.7,5.1,.333,8.4,15.0,.560,.545,7.8,10.2,.767,0.9,6.4,7.3,8.6,1.6,1.0,3.4,1.6,29.7,31.1,.604,.253,.506,3.0,18.5,11.1,41.8,2.2,2.0,12.3,33.5,13.3,5.2,18.5,.299,9.1,2.8,11.8,10.3
Andrew Bogut,2009-10,25,MIL,NBA,C,69,69,32.3,6.9,13.2,.520,0.0,0.0,.000,6.9,13.2,.521,.520,2.2,3.4,.629,3.0,7.1,10.2,1.8,0.6,2.5,1.9,3.2,15.9,20.7,.540,.002,.260,10.1,26.4,17.9,10.3,0.9,6.2,11.4,23.3,2.6,4.8,7.5,.161,0.8,2.2,3.1,2.8
Dwight Howard,2009-10,24,ORL,NBA,C,82,82,34.7,6.2,10.2,.612,0.0,0.1,.000,6.2,10.1,.617,.612,5.9,10.0,.592,3.5,9.7,13.2,1.8,0.9,2.8,3.3,3.5,18.3,24.0,.630,.008,.978,12.0,31.3,22.0,8.7,1.4,6.0,18.7,23.9,6.1,7.1,13.2,.223,1.6,2.8,4.4,4.6
Manu Ginóbili,2009-10,32,SAS,NBA,SG,75,21,28.7,5.3,12.0,.441,1.8,4.7,.377,3.5,7.4,.481,.514,4.1,4.7,.870,0.9,2.9,3.8,4.9,1.4,0.3,2.1,2.1,16.5,22.5,.584,.388,.393,3.8,11.6,7.7,28.2,2.5,0.8,12.7,25.8,6.5,3.2,9.7,.216,5.1,1.6,6.7,4.7
Gerald Wallace,2009-10,27,CHA,NBA,SF,76,76,41.0,6.0,12.4,.484,0.7,1.8,.371,5.3,10.6,.503,.511,5.6,7.2,.776,2.0,8.1,10.0,2.1,1.5,1.1,2.3,2.6,18.2,18.3,.586,.148,.577,5.9,23.2,14.7,9.0,2.0,2.2,13.1,20.3,5.3,6.2,11.5,.177,1.0,1.7,2.7,3.7
Ben Wallace,2009-10,35,DET,NBA,C,69,67,28.6,2.3,4.2,.541,0.0,0.0,.000,2.3,4.2,.545,.541,0.9,2.3,.406,3.6,5.1,8.7,1.5,1.2,1.2,0.9,1.9,5.5,15.8,.526,.007,.548,14.1,23.1,18.3,8.0,2.4,3.6,15.0,10.0,2.4,2.3,4.7,.115,0.7,1.2,1.9,1.9
Steve Nash,2009-10,35,PHO,NBA,PG,81,81,32.8,6.2,12.2,.507,1.5,3.6,.426,4.6,8.6,.540,.570,2.6,2.8,.938,0.4,2.9,3.3,11.0,0.5,0.1,3.6,1.3,16.5,21.6,.615,.295,.228,1.5,9.4,5.7,50.9,0.8,0.3,21.4,22.9,9.1,0.8,9.9,.178,6.1,-1.8,4.3,4.2
Carmelo Anthony,2009-10,25,DEN,NBA,SF,69,69,38.2,10.0,21.8,.458,0.9,2.7,.316,9.1,19.1,.478,.478,7.4,8.9,.830,2.2,4.4,6.6,3.2,1.3,0.4,3.0,3.3,28.2,22.2,.548,.125,.407,6.7,13.1,9.9,15.9,1.7,0.9,10.6,33.4,5.6,2.4,7.9,.145,3.5,-1.2,2.3,2.9
Tim Duncan,2009-10,33,SAS,NBA,C,78,77,31.3,7.2,13.9,.518,0.0,0.1,.182,7.2,13.7,.522,.519,3.5,4.8,.725,2.8,7.3,10.1,3.2,0.6,1.5,1.8,1.9,17.9,24.7,.560,.010,.346,10.8,26.8,18.9,17.8,1.0,3.5,10.1,26.0,6.4,4.5,10.9,.215,4.4,1.8,6.1,5.0
Shawn Marion,2009-10,31,DAL,NBA,SF,75,75,31.8,5.3,10.4,.508,0.0,0.3,.158,5.2,10.1,.516,.510,1.4,1.9,.755,2.1,4.3,6.4,1.4,0.9,0.8,1.3,1.9,12.0,14.7,.535,.024,.179,7.7,15.2,11.5,7.2,1.5,1.9,10.6,18.1,2.1,2.8,5.0,.100,-0.5,0.1,-0.5,0.9
Dirk Nowitzki,2009-10,31,DAL,NBA,PF,81,80,37.5,8.9,18.5,.481,0.6,1.5,.421,8.3,17.0,.487,.498,6.6,7.2,.915,1.0,6.7,7.7,2.7,0.9,1.0,1.8,2.6,25.0,22.9,.578,.081,.392,3.1,20.1,11.7,13.0,1.2,2.0,7.8,28.8,8.4,3.9,12.3,.194,3.7,0.5,4.2,4.7
Arron Afflalo,2009-10,24,DEN,NBA,SG,82,75,27.1,3.3,7.1,.465,1.3,3.0,.434,2.0,4.1,.488,.557,0.9,1.2,.735,0.7,2.4,3.1,1.7,0.6,0.4,0.9,2.7,8.8,10.9,.576,.426,.168,3.1,9.9,6.5,9.3,1.0,1.0,10.5,14.0,2.8,1.4,4.3,.092,-0.2,-0.2,-0.4,0.9
Kenyon Martin,2009-10,32,DEN,NBA,PF,58,58,34.2,4.9,10.7,.456,0.1,0.5,.276,4.7,10.2,.465,.463,1.6,2.9,.557,2.4,7.0,9.4,1.9,1.2,1.1,1.6,3.2,11.5,13.4,.481,.047,.269,8.3,23.3,15.8,8.5,1.8,2.3,11.6,17.5,0.4,2.8,3.3,.079,-1.4,0.5,-0.8,0.6
Kevin Durant,2009-10,21,OKC,NBA,SF,82,82,39.5,9.7,20.3,.476,1.6,4.3,.365,8.1,16.1,.506,.514,9.2,10.2,.900,1.3,6.3,7.6,2.8,1.4,1.0,3.3,2.1,30.1,26.2,.607,.210,.504,3.8,17.9,11.0,13.5,1.8,1.9,11.7,32.0,11.1,5.0,16.1,.238,6.3,0.8,7.1,7.5
Metta World Peace,2009-10,30,LAL,NBA,SF,77,77,33.8,4.0,9.6,.414,1.4,3.8,.355,2.6,5.8,.453,.484,1.7,2.4,.688,1.3,3.0,4.3,3.0,1.4,0.3,1.6,2.1,11.0,12.1,.514,.400,.251,4.3,9.9,7.1,13.3,2.1,0.6,12.8,16.2,1.8,3.5,5.3,.098,-0.6,1.1,0.5,1.6
Stephen Jackson,2009-10,31,TOT,NBA,"PF,SG",81,81,38.6,7.4,17.5,.423,1.6,4.9,.328,5.8,12.7,.460,.469,4.2,5.4,.779,1.0,4.0,5.0,3.7,1.6,0.5,3.2,2.4,20.6,15.6,.518,.277,.306,3.0,12.2,7.7,17.7,2.2,1.1,13.9,27.5,0.5,4.6,5.0,.077,0.3,0.1,0.4,1.9
Thabo Sefolosha,2009-10,25,OKC,NBA,SG,82,82,28.6,2.4,5.4,.440,0.5,1.6,.313,1.9,3.8,.494,.486,0.7,1.1,.674,0.9,3.8,4.7,1.8,1.2,0.6,1.1,1.9,6.0,9.8,.509,.297,.202,3.8,14.8,9.5,8.9,2.1,1.5,15.8,10.9,0.6,3.4,4.0,.082,-1.9,2.0,0.1,1.3
Shane Battier,2009-10,31,HOU,NBA,SG,67,62,32.4,2.7,6.7,.398,1.5,4.2,.362,1.1,2.5,.458,.511,1.1,1.6,.726,1.1,3.6,4.7,2.4,0.8,1.1,1.0,2.1,8.0,11.1,.541,.624,.237,3.8,13.1,8.2,10.9,1.2,2.6,11.5,11.4,2.2,2.1,4.3,.095,0.1,1.4,1.5,1.9
Matt Barnes,2009-10,29,ORL,NBA,SF,81,58,25.9,3.3,6.9,.487,0.8,2.6,.319,2.5,4.3,.586,.546,1.3,1.8,.740,1.3,4.2,5.5,1.7,0.7,0.4,1.4,2.3,8.8,13.6,.576,.372,.262,6.1,18.0,12.3,10.1,1.5,1.1,15.3,16.2,2.5,3.4,5.9,.135,-0.1,1.3,1.3,1.7
Kendrick Perkins,2009-10,25,BOS,NBA,C,78,78,27.6,4.0,6.7,.602,0.0,0.0,.000,4.0,6.7,.605,.602,2.1,3.6,.582,2.0,5.6,7.6,1.0,0.3,1.7,2.1,2.8,10.1,15.0,.613,.006,.536,9.1,24.4,16.9,6.0,0.6,4.8,20.4,17.6,1.4,3.8,5.2,.117,-1.7,1.0,-0.7,0.7
Amar'e Stoudemire,2009-10,27,PHO,NBA,PF,82,82,34.6,8.6,15.4,.557,0.0,0.1,.167,8.6,15.3,.559,.557,5.9,7.7,.771,2.8,6.1,8.9,1.0,0.6,1.0,2.6,3.4,23.1,22.6,.615,.005,.500,9.7,18.9,14.5,4.8,0.9,2.1,12.1,27.3,8.2,2.5,10.7,.181,2.1,-1.1,1.0,2.2
Josh Smith,2009-10,24,ATL,NBA,PF,81,81,35.4,6.2,12.3,.505,0.0,0.1,.000,6.2,12.2,.508,.505,3.2,5.2,.618,2.8,6.0,8.7,4.2,1.6,2.1,2.4,3.0,15.7,21.0,.536,.007,.422,9.0,19.8,14.3,19.0,2.4,4.5,14.3,22.2,4.2,5.1,9.3,.155,2.4,2.7,5.1,5.1
Chauncey Billups,2009-10,33,DEN,NBA,PG,73,73,34.1,5.5,13.2,.418,2.2,5.6,.386,3.4,7.6,.441,.499,6.4,7.0,.910,0.3,2.8,3.1,5.6,1.1,0.1,2.4,2.1,19.5,20.2,.601,.423,.532,1.2,9.3,5.3,26.1,1.7,0.3,13.0,24.3,7.7,1.7,9.5,.182,4.5,-0.8,3.7,3.6
Luc Mbah a Moute,2009-10,23,MIL,NBA,PF,73,62,25.6,2.4,5.1,.480,0.1,0.2,.353,2.3,4.8,.486,.488,1.3,1.8,.699,2.3,3.1,5.5,1.1,0.8,0.5,1.0,2.5,6.2,11.8,.530,.046,.360,9.9,14.6,12.2,6.5,1.7,1.6,14.1,12.1,1.8,3.0,4.7,.122,-1.8,1.5,-0.3,0.8
Chris Bosh,2009-10,25,TOR,NBA,C,70,70,36.1,8.6,16.5,.518,0.1,0.3,.364,8.5,16.2,.521,.522,6.7,8.4,.797,2.9,7.9,10.8,2.4,0.6,1.0,2.4,2.4,24.0,25.0,.592,.019,.509,9.9,25.2,17.7,11.5,0.9,2.1,10.7,28.7,7.9,1.7,9.6,.182,4.8,-1.2,3.6,3.6
Rajon Rondo,2009-10,23,BOS,NBA,PG,81,81,36.6,5.7,11.2,.508,0.2,1.0,.213,5.5,10.2,.536,.517,2.2,3.5,.621,1.2,3.2,4.4,9.8,2.3,0.1,3.0,2.4,13.7,19.1,.540,.088,.312,4.3,10.5,7.5,43.7,3.3,0.3,19.3,20.2,4.9,4.7,9.6,.156,2.2,1.4,3.6,4.2
Marcus Camby,2009-10,35,TOT,NBA,"C,PF",74,74,31.3,3.2,6.8,.475,0.0,0.1,.286,3.2,6.7,.478,.477,1.1,1.6,.639,3.4,8.4,11.8,2.5,1.3,2.0,1.2,2.2,7.5,17.9,.501,.014,.244,12.7,31.9,22.2,12.3,2.2,4.8,14.1,12.8,2.5,4.3,6.8,.142,0.7,2.6,3.3,3.1
Anderson Varejão,2009-10,27,CLE,NBA,PF,76,7,28.5,3.5,6.1,.572,0.0,0.1,.200,3.5,6.1,.576,.573,1.5,2.3,.663,2.5,5.1,7.6,1.1,0.9,0.9,0.9,2.9,8.6,15.8,.598,.011,.375,10.9,20.4,15.9,6.1,1.7,2.4,11.0,13.1,4.3,3.8,8.1,.179,0.1,1.2,1.3,1.8
Kobe Bryant,2009-10,31,LAL,NBA,SG,73,73,38.8,9.8,21.5,.456,1.4,4.1,.329,8.5,17.4,.487,.488,6.0,7.4,.811,1.1,4.3,5.4,5.0,1.5,0.3,3.2,2.6,27.0,21.9,.545,.192,.345,3.1,12.2,7.7,23.8,2.1,0.5,11.4,32.3,5.4,4.0,9.4,.160,3.9,0.2,4.1,4.4
David Lee,2009-10,26,NYK,NBA,C,81,81,37.3,8.5,15.5,.545,0.0,0.1,.000,8.5,15.4,.549,.545,3.3,4.1,.812,2.8,8.9,11.7,3.6,1.0,0.5,2.3,3.2,20.2,22.2,.584,.006,.262,8.4,27.6,17.9,17.5,1.4,1.0,11.9,23.8,7.4,2.9,10.3,.163,2.6,0.0,2.5,3.5
Dwyane Wade,2009-10,28,MIA,NBA,SG,77,77,36.3,9.3,19.6,.476,0.9,3.2,.300,8.4,16.5,.509,.500,6.9,9.1,.761,1.4,3.5,4.8,6.5,1.8,1.1,3.3,2.4,26.6,28.0,.562,.161,.465,4.5,11.1,7.8,36.4,2.7,2.4,12.2,34.9,8.5,4.6,13.0,.224,7.1,2.1,9.2,7.9
Chris Paul,2010-11,25,NOH,NBA,PG,80,80,36.0,5.4,11.6,.463,0.9,2.3,.388,4.5,9.3,.482,.502,4.2,4.8,.878,0.5,3.6,4.1,9.8,2.4,0.1,2.2,2.5,15.9,23.7,.578,.197,.414,1.6,12.3,6.9,45.8,3.5,0.1,13.9,21.1,9.5,4.4,13.9,.232,4.4,2.8,7.1,6.7
Luol Deng,2010-11,25,CHI,NBA,SF,82,82,39.1,6.5,14.1,.460,1.4,4.1,.345,5.1,10.0,.506,.510,3.1,4.1,.753,1.4,4.4,5.8,2.8,1.0,0.6,1.9,2.0,17.4,15.5,.549,.288,.291,4.4,12.8,8.7,11.9,1.3,1.1,10.7,20.9,4.7,5.2,9.9,.149,1.1,0.6,1.7,3.0
Grant Hill,2010-11,38,PHO,NBA,SF,80,80,30.1,5.0,10.3,.484,0.6,1.4,.395,4.4,8.9,.498,.511,2.7,3.2,.829,1.0,3.3,4.2,2.5,0.8,0.4,1.7,2.3,13.2,14.7,.563,.138,.312,3.7,12.5,8.1,13.0,1.4,1.1,12.5,20.1,3.1,1.3,4.4,.087,-0.2,-0.3,-0.5,0.9
LeBron James,2010-11,26,MIA,NBA,SF,79,79,38.8,9.6,18.8,.510,1.2,3.5,.330,8.4,15.3,.552,.541,6.4,8.4,.759,1.0,6.5,7.5,7.0,1.6,0.6,3.6,2.1,26.7,27.3,.594,.188,.446,3.3,18.7,11.4,34.9,2.1,1.3,13.8,31.5,10.3,5.3,15.6,.244,6.3,1.8,8.1,7.8
Andrew Bogut,2010-11,26,MIL,NBA,C,65,65,35.3,5.6,11.4,.495,0.0,0.1,.000,5.6,11.4,.497,.495,1.5,3.3,.442,3.1,8.0,11.1,2.0,0.7,2.6,1.9,3.3,12.8,16.7,.496,.005,.292,9.8,27.1,18.3,10.4,1.1,5.8,13.0,19.6,0.3,5.1,5.4,.112,-1.0,2.4,1.3,1.9
Derrick Rose,2010-11,22,CHI,NBA,PG,81,81,37.4,8.8,19.7,.445,1.6,4.8,.332,7.2,15.0,.481,.485,5.9,6.9,.858,1.0,3.1,4.1,7.7,1.0,0.6,3.4,1.7,25.0,23.5,.550,.241,.348,3.2,9.4,6.4,38.7,1.5,1.3,13.1,32.2,8.3,4.8,13.1,.208,6.3,0.5,6.8,6.7
Chuck Hayes,2010-11,27,HOU,NBA,C,74,63,28.1,3.3,6.3,.527,0.0,0.0,.000,3.3,6.2,.529,.527,1.3,1.9,.662,3.0,5.1,8.1,2.7,1.1,0.7,1.2,2.7,7.9,16.2,.554,.004,.307,11.9,20.7,16.3,14.3,1.9,1.6,14.1,13.0,3.9,2.4,6.3,.146,0.6,1.3,1.9,2.1
Dwight Howard,2010-11,25,ORL,NBA,C,78,78,37.6,7.9,13.4,.593,0.0,0.1,.000,7.9,13.3,.597,.593,7.0,11.7,.596,4.0,10.1,14.1,1.4,1.4,2.4,3.6,3.3,22.9,26.1,.616,.007,.877,12.6,30.6,21.8,6.8,1.9,4.9,16.2,27.2,6.7,7.7,14.4,.235,2.9,2.4,5.3,5.4
Kevin Garnett,2010-11,34,BOS,NBA,PF,71,71,31.3,6.1,11.6,.528,0.0,0.1,.200,6.1,11.5,.530,.529,2.6,3.1,.862,1.2,7.7,8.9,2.4,1.3,0.8,1.6,2.1,14.9,20.6,.575,.006,.264,4.9,28.7,17.5,13.5,2.3,2.0,11.1,22.3,3.4,5.6,9.0,.194,1.8,2.9,4.7,3.8
Manu Ginóbili,2010-11,33,SAS,NBA,SG,80,79,30.3,5.5,12.7,.433,1.9,5.5,.349,3.6,7.2,.497,.509,4.5,5.1,.871,0.5,3.2,3.7,4.9,1.5,0.4,2.2,2.0,17.4,21.7,.581,.433,.403,2.1,11.8,7.1,26.4,2.6,0.8,12.7,26.0,6.6,3.2,9.9,.195,4.1,1.3,5.4,4.5
Gerald Wallace,2010-11,28,TOT,NBA,"PF,SF",71,63,37.9,5.4,12.0,.454,0.9,2.6,.333,4.6,9.4,.487,.490,3.9,5.3,.746,1.6,6.5,8.0,2.4,1.5,0.9,2.1,2.6,15.7,16.2,.548,.219,.439,4.9,21.0,12.8,10.9,2.1,1.9,13.0,20.3,2.6,3.6,6.2,.111,0.4,1.1,1.5,2.4
Tim Duncan,2010-11,34,SAS,NBA,C,76,76,28.4,5.5,11.0,.500,0.0,0.1,.000,5.5,11.0,.502,.500,2.4,3.4,.716,2.2,6.7,8.9,2.7,0.7,1.9,1.6,1.6,13.4,21.9,.537,.005,.307,9.3,26.8,18.3,15.7,1.2,4.8,11.4,22.9,3.7,4.0,7.7,.171,2.2,2.2,4.4,3.5
Tony Allen,2010-11,29,MEM,NBA,SG,72,31,20.8,3.5,6.8,.510,0.1,0.3,.174,3.4,6.5,.527,.514,1.9,2.5,.753,1.0,1.7,2.7,1.4,1.8,0.6,1.2,2.2,8.9,18.3,.562,.047,.370,5.5,9.9,7.7,10.9,4.5,2.4,13.1,19.9,2.0,2.7,4.7,.152,0.1,3.5,3.6,2.1
Tony Parker,2010-11,28,SAS,NBA,PG,78,78,32.4,7.1,13.7,.519,0.3,0.9,.357,6.8,12.8,.531,.531,3.0,3.9,.769,0.4,2.7,3.1,6.6,1.2,0.0,2.6,1.7,17.5,20.4,.569,.065,.283,1.4,9.3,5.5,35.2,1.9,0.1,14.3,25.5,5.8,2.4,8.2,.156,2.3,-0.4,1.8,2.4
Dirk Nowitzki,2010-11,32,DAL,NBA,PF,73,73,34.3,8.4,16.2,.517,0.9,2.3,.393,7.5,13.8,.538,.545,5.4,6.1,.892,0.7,6.3,7.0,2.6,0.5,0.6,1.9,2.4,23.0,23.4,.612,.142,.376,2.4,20.8,12.0,14.2,0.8,1.4,9.1,28.2,7.8,3.3,11.1,.213,4.3,0.8,5.1,4.5
Blake Griffin,2010-11,21,LAC,NBA,PF,82,82,38.0,8.5,16.8,.506,0.1,0.3,.292,8.4,16.5,.510,.508,5.4,8.5,.642,3.3,8.8,12.1,3.8,0.8,0.5,2.7,3.1,22.5,21.9,.549,.017,.505,10.2,26.9,18.6,18.7,1.0,1.1,11.7,27.3,6.5,3.4,9.8,.152,3.0,-0.3,2.6,3.6
Kenyon Martin,2010-11,33,DEN,NBA,PF,48,48,25.7,3.9,7.5,.511,0.0,0.2,.222,3.8,7.4,.518,.514,0.9,1.5,.583,1.4,4.8,6.2,2.3,0.9,0.7,1.2,2.8,8.6,14.1,.526,.025,.199,6.5,20.9,13.9,13.6,1.8,2.2,13.0,16.4,1.0,1.6,2.7,.104,-0.8,1.7,0.9,0.9
Andre Iguodala,2010-11,27,PHI,NBA,SF,67,67,36.9,5.0,11.3,.445,0.9,2.7,.337,4.1,8.6,.479,.486,3.1,4.5,.693,0.9,4.9,5.8,6.3,1.5,0.6,2.1,1.6,14.1,17.2,.530,.238,.395,2.8,15.2,9.0,26.4,2.1,1.2,13.4,19.2,3.3,3.5,6.7,.130,1.7,1.6,3.2,3.2
JaVale McGee,2010-11,23,WAS,NBA,C,79,75,27.8,4.2,7.6,.550,0.0,0.0,.000,4.2,7.6,.552,.550,1.7,2.9,.583,2.8,5.2,8.0,0.5,0.5,2.4,1.3,2.9,10.1,17.4,.566,.005,.381,11.2,22.2,16.5,2.8,1.0,6.7,12.6,16.3,2.7,2.5,5.3,.115,-0.7,0.4,-0.4,0.9
Serge Ibaka,2010-11,21,OKC,NBA,PF,82,44,27.0,4.1,7.5,.543,0.0,0.0,.000,4.1,7.5,.544,.543,1.7,2.2,.750,2.6,5.0,7.6,0.3,0.4,2.4,0.9,3.3,9.9,17.7,.579,.002,.298,11.7,20.8,16.4,1.6,0.7,6.5,9.2,15.7,4.3,3.2,7.6,.164,-0.2,0.7,0.5,1.4
Kevin Durant,2010-11,22,OKC,NBA,SF,78,78,38.9,9.1,19.7,.462,1.9,5.3,.350,7.3,14.4,.504,.509,7.6,8.7,.880,0.7,6.1,6.8,2.7,1.1,1.0,2.8,2.0,27.7,23.6,.589,.269,.439,2.3,17.7,10.3,13.2,1.5,1.8,10.6,30.6,8.6,3.3,12.0,.189,5.2,-0.3,4.9,5.3
Metta World Peace,2010-11,31,LAL,NBA,SF,82,82,29.4,3.2,8.0,.397,1.0,2.8,.356,2.2,5.2,.419,.460,1.1,1.7,.676,1.2,2.0,3.3,2.1,1.5,0.4,1.1,2.2,8.5,11.2,.485,.354,.207,4.9,7.6,6.3,10.7,2.7,1.1,11.1,15.3,1.2,3.2,4.4,.088,-1.4,1.5,0.2,1.3
Thabo Sefolosha,2010-11,26,OKC,NBA,SG,79,79,25.9,2.0,4.2,.471,0.4,1.3,.275,1.6,2.9,.558,.514,0.7,1.0,.747,0.8,3.6,4.4,1.4,1.2,0.5,0.7,2.2,5.1,10.4,.545,.306,.237,3.8,15.5,9.9,7.9,2.5,1.4,13.0,9.4,1.6,2.5,4.1,.097,-1.3,1.9,0.6,1.3
Amar'e Stoudemire,2010-11,28,NYK,NBA,C,78,78,36.8,9.5,19.0,.502,0.1,0.3,.435,9.4,18.7,.503,.505,6.1,7.7,.792,2.5,5.6,8.2,2.6,0.9,1.9,3.2,3.5,25.3,22.7,.565,.016,.403,7.8,17.6,12.7,13.2,1.2,3.8,12.5,30.9,5.4,2.6,8.0,.134,2.0,-0.6,1.4,2.4
Andrew Bynum,2010-11,23,LAL,NBA,C,54,47,27.8,4.4,7.6,.574,0.0,0.0,,4.4,7.6,.574,.574,2.6,3.9,.660,3.1,6.3,9.4,1.4,0.4,2.0,1.4,2.6,11.3,21.1,.606,.000,.506,13.3,24.7,19.2,7.7,0.7,5.4,12.8,17.6,3.8,2.8,6.6,.210,1.8,1.4,3.2,2.0
Josh Smith,2010-11,25,ATL,NBA,PF,77,77,34.4,6.5,13.5,.477,0.7,2.0,.331,5.8,11.5,.503,.502,3.0,4.1,.725,1.7,6.8,8.5,3.3,1.3,1.6,2.6,2.8,16.5,19.2,.540,.148,.304,6.2,23.7,15.0,17.1,2.0,3.5,14.3,24.7,1.9,4.5,6.4,.116,1.0,1.7,2.8,3.2
Keith Bogans,2010-11,30,CHI,NBA,SG,82,82,17.8,1.5,3.7,.404,1.1,2.9,.380,0.4,0.9,.486,.550,0.3,0.4,.656,0.2,1.6,1.8,1.2,0.5,0.1,0.5,1.4,4.4,9.0,.559,.772,.104,1.6,10.1,5.9,10.1,1.4,0.5,11.3,11.4,1.4,2.2,3.6,.118,-1.5,1.4,-0.2,0.7
Rajon Rondo,2010-11,24,BOS,NBA,PG,68,68,37.2,4.7,9.9,.475,0.1,0.6,.233,4.5,9.2,.491,.482,1.1,1.9,.568,1.3,3.1,4.4,11.2,2.3,0.2,3.4,1.8,10.6,17.1,.495,.064,.197,4.5,9.7,7.2,47.1,3.2,0.3,24.3,18.3,1.8,4.8,6.6,.126,1.6,1.4,3.1,3.2
Kobe Bryant,2010-11,32,LAL,NBA,SG,82,82,33.9,9.0,20.0,.451,1.4,4.3,.323,7.6,15.6,.487,.487,5.9,7.1,.828,1.0,4.1,5.1,4.7,1.2,0.1,3.0,2.1,25.3,23.9,.548,.217,.356,3.5,13.3,8.5,26.7,1.9,0.3,11.4,35.1,6.8,3.5,10.3,.178,5.4,-0.2,5.2,5.0
Tyson Chandler,2010-11,28,DAL,NBA,C,74,74,27.8,3.6,5.5,.654,0.0,0.0,,3.6,5.5,.654,.654,2.9,4.0,.732,2.8,6.6,9.4,0.4,0.5,1.1,1.2,3.2,10.1,18.4,.697,.000,.725,12.2,26.6,19.7,2.4,0.9,3.0,14.1,14.2,5.8,3.5,9.4,.218,0.6,1.0,1.5,1.8
Dwyane Wade,2010-11,29,MIA,NBA,SG,76,76,37.1,9.1,18.2,.500,0.8,2.7,.306,8.3,15.5,.534,.523,6.5,8.6,.758,1.6,4.8,6.4,4.6,1.5,1.1,3.1,2.6,25.5,25.6,.581,.149,.471,5.5,14.4,10.2,23.5,2.1,2.4,12.4,31.6,8.1,4.7,12.8,.218,5.5,1.1,6.6,6.1
Joakim Noah,2010-11,25,CHI,NBA,C,48,48,32.8,4.4,8.4,.525,0.0,0.0,.000,4.4,8.4,.526,.525,2.9,3.9,.739,3.8,6.6,10.4,2.2,1.0,1.5,1.9,3.3,11.7,18.8,.579,.002,.468,13.9,22.8,18.5,10.7,1.6,3.5,15.7,16.8,3.1,3.6,6.7,.205,0.8,2.1,2.9,1.9
Chris Paul,2011-12,26,LAC,NBA,PG,60,60,36.4,7.1,14.8,.478,1.3,3.6,.371,5.8,11.3,.511,.522,4.3,5.0,.861,0.7,2.9,3.6,9.1,2.5,0.1,2.1,2.3,19.8,27.0,.581,.239,.339,2.3,9.4,5.8,43.8,3.8,0.2,10.8,24.3,10.4,2.3,12.7,.278,6.7,2.4,9.2,6.1
Luol Deng,2011-12,26,CHI,NBA,SF,54,54,39.4,5.8,14.0,.412,1.5,4.0,.367,4.3,10.0,.430,.464,2.4,3.1,.770,1.4,5.1,6.5,2.9,1.0,0.7,1.8,1.5,15.3,14.1,.500,.285,.219,4.1,14.0,9.2,11.7,1.4,1.2,10.4,19.8,2.3,3.6,5.8,.132,0.6,1.1,1.7,2.0
Joe Johnson,2011-12,30,ATL,NBA,SG,60,60,35.5,7.1,15.5,.454,2.1,5.4,.388,5.0,10.2,.489,.521,2.6,3.1,.849,0.9,2.8,3.7,3.9,0.8,0.2,1.9,1.3,18.8,18.4,.557,.346,.200,2.9,9.2,6.1,19.7,1.2,0.5,10.3,24.9,4.4,2.1,6.4,.145,3.1,-1.0,2.1,2.2
Grant Hill,2011-12,39,PHO,NBA,SF,49,46,28.1,4.1,9.2,.446,0.3,1.1,.264,3.8,8.1,.470,.461,1.7,2.2,.761,0.6,2.9,3.5,2.2,0.8,0.6,1.3,1.8,10.2,12.3,.500,.118,.242,2.4,11.5,7.0,12.1,1.5,1.5,11.5,18.6,0.6,0.9,1.6,.055,-1.4,0.5,-0.9,0.4
LeBron James,2011-12,27,MIA,NBA,SF,62,62,37.5,10.0,18.9,.531,0.9,2.4,.362,9.1,16.5,.556,.554,6.2,8.1,.771,1.5,6.4,7.9,6.2,1.9,0.8,3.4,1.5,27.1,30.7,.605,.127,.429,5.0,19.7,12.6,33.6,2.6,1.7,13.3,32.0,10.0,4.5,14.5,.298,8.2,2.7,10.9,7.6
Derrick Rose,2011-12,23,CHI,NBA,PG,39,39,35.3,7.7,17.8,.435,1.4,4.4,.312,6.4,13.4,.475,.473,5.0,6.1,.812,0.7,2.7,3.4,7.9,0.9,0.7,3.1,1.3,21.8,23.0,.532,.249,.344,2.1,8.4,5.3,40.3,1.4,1.4,12.9,30.5,4.1,2.0,6.0,.211,6.1,0.3,6.4,2.9
Dwight Howard,2011-12,26,ORL,NBA,C,54,54,38.3,7.7,13.4,.573,0.0,0.1,.000,7.7,13.3,.579,.573,5.2,10.6,.491,3.7,10.8,14.5,1.9,1.5,2.1,3.2,2.9,20.6,24.2,.569,.010,.788,11.0,33.1,21.9,9.8,2.1,4.4,15.2,26.1,3.3,4.4,7.7,.179,2.2,2.0,4.3,3.3
Kevin Garnett,2011-12,35,BOS,NBA,C,60,60,31.1,6.5,13.0,.503,0.1,0.2,.333,6.5,12.8,.505,.505,2.7,3.2,.857,1.1,7.1,8.2,2.9,0.9,1.0,1.8,2.4,15.8,20.4,.550,.012,.243,4.4,25.8,15.6,17.9,1.6,2.5,11.1,24.9,2.6,4.3,6.9,.178,1.8,2.5,4.3,2.9
Russell Westbrook,2011-12,23,OKC,NBA,PG,66,66,35.3,8.8,19.2,.457,0.9,3.0,.316,7.8,16.2,.482,.481,5.2,6.3,.823,1.5,3.1,4.6,5.5,1.7,0.3,3.6,2.2,23.6,22.9,.538,.155,.326,5.0,9.4,7.4,29.8,2.5,0.7,14.2,32.7,5.5,2.4,7.9,.163,3.7,-0.7,3.0,3.0
Kevin Love,2011-12,23,MIN,NBA,PF,55,55,39.0,8.6,19.3,.448,1.9,5.1,.372,6.7,14.1,.475,.497,6.9,8.4,.824,4.1,9.2,13.3,2.0,0.9,0.5,2.3,2.8,26.0,25.4,.568,.266,.434,11.6,26.4,19.0,10.0,1.1,0.9,9.2,28.8,7.6,2.3,10.0,.223,6.1,-0.9,5.2,3.9
Steve Nash,2011-12,37,PHO,NBA,PG,62,62,31.6,4.8,9.0,.532,0.9,2.3,.390,3.9,6.7,.580,.581,2.0,2.3,.894,0.4,2.6,3.0,10.7,0.6,0.1,3.7,0.9,12.5,20.3,.625,.254,.256,1.5,9.1,5.3,53.1,1.0,0.3,27.1,19.6,5.2,0.6,5.9,.144,4.7,-1.2,3.4,2.7
Tim Duncan,2011-12,35,SAS,NBA,C,58,58,28.2,6.2,12.6,.492,0.0,0.1,.000,6.2,12.6,.495,.492,3.0,4.3,.695,1.9,7.1,9.0,2.3,0.7,1.5,1.7,1.7,15.4,22.5,.531,.005,.340,7.9,28.2,18.3,13.5,1.2,3.9,10.3,26.2,3.0,2.9,5.9,.174,2.0,1.3,3.3,2.2
Tony Allen,2011-12,30,MEM,NBA,SG,58,57,26.3,3.6,7.7,.469,0.1,0.4,.308,3.5,7.3,.479,.478,2.4,3.0,.800,1.7,2.3,4.0,1.4,1.8,0.6,1.6,2.4,9.8,15.7,.541,.058,.391,7.4,10.6,8.9,8.3,3.6,1.8,15.2,18.4,1.7,2.5,4.2,.131,-0.6,2.3,1.7,1.4
Tony Parker,2011-12,29,SAS,NBA,PG,60,60,32.1,7.1,14.8,.480,0.2,1.0,.230,6.9,13.8,.498,.488,3.8,4.7,.799,0.4,2.5,2.9,7.7,1.0,0.1,2.6,1.3,18.3,22.0,.539,.069,.319,1.3,8.7,5.1,40.3,1.5,0.2,13.1,27.7,5.5,1.6,7.1,.177,3.6,-0.9,2.7,2.3
Shawn Marion,2011-12,33,DAL,NBA,SF,63,63,30.5,4.6,10.3,.446,0.3,1.1,.294,4.3,9.2,.464,.461,1.2,1.5,.796,2.3,5.1,7.4,2.1,1.1,0.6,1.6,1.4,10.6,15.0,.488,.105,.144,8.6,18.6,13.6,11.5,1.8,1.5,12.5,19.0,1.0,2.7,3.7,.092,-0.2,0.6,0.5,1.2
Dirk Nowitzki,2011-12,33,DAL,NBA,PF,62,62,33.5,7.6,16.7,.457,1.3,3.4,.368,6.4,13.3,.481,.495,5.1,5.7,.896,0.7,6.0,6.7,2.2,0.7,0.5,1.9,2.1,21.6,21.7,.564,.205,.343,2.5,19.9,11.3,12.6,1.1,1.2,9.0,29.2,5.0,2.6,7.6,.175,3.7,0.1,3.7,3.0
Avery Bradley,2011-12,21,BOS,NBA,PG,64,28,21.4,3.1,6.3,.498,0.3,0.8,.407,2.8,5.4,.511,.525,1.0,1.2,.795,0.5,1.3,1.8,1.4,0.7,0.2,1.2,1.7,7.6,11.3,.555,.134,.194,3.1,6.7,5.0,10.8,1.7,0.7,14.7,17.9,0.6,1.9,2.4,.085,-2.3,0.7,-1.7,0.1
Andre Iguodala,2011-12,28,PHI,NBA,SF,62,62,35.6,4.6,10.2,.454,1.2,3.1,.394,3.4,7.1,.481,.514,2.0,3.2,.617,0.9,5.2,6.1,5.5,1.7,0.5,1.9,1.5,12.4,17.6,.537,.305,.310,2.8,16.4,9.6,23.7,2.6,1.0,13.8,17.7,3.1,4.2,7.3,.158,1.5,2.5,4.0,3.3
Serge Ibaka,2011-12,22,OKC,NBA,PF,66,66,27.2,4.0,7.4,.535,0.0,0.0,.333,4.0,7.4,.536,.536,1.2,1.8,.661,2.9,4.6,7.5,0.4,0.5,3.7,1.2,2.7,9.1,19.0,.556,.006,.241,13.2,18.2,15.9,2.5,1.0,9.8,12.7,15.7,3.0,3.2,6.2,.167,0.1,2.3,2.3,1.9
Kevin Durant,2011-12,23,OKC,NBA,SF,66,66,38.6,9.7,19.7,.496,2.0,5.2,.387,7.7,14.4,.535,.547,6.5,7.6,.860,0.6,7.4,8.0,3.5,1.3,1.2,3.8,2.0,28.0,26.2,.610,.265,.386,1.9,20.4,11.8,17.5,1.8,2.2,14.0,31.3,8.5,3.7,12.2,.230,6.2,0.8,7.0,5.8
Marc Gasol,2011-12,27,MEM,NBA,C,65,65,36.5,5.5,11.4,.482,0.0,0.2,.083,5.5,11.2,.489,.483,3.6,4.9,.748,1.8,7.1,8.9,3.1,1.0,1.9,1.9,3.1,14.6,18.4,.541,.016,.428,5.8,23.1,14.3,14.1,1.4,4.1,12.1,19.1,4.2,4.0,8.2,.166,1.0,2.1,3.1,3.1
Josh Smith,2011-12,26,ATL,NBA,PF,66,66,35.3,7.6,16.7,.458,0.4,1.7,.257,7.2,15.0,.480,.470,3.1,4.9,.630,2.1,7.5,9.6,3.9,1.4,1.7,2.5,2.6,18.8,21.1,.499,.099,.292,6.9,24.8,15.9,20.6,2.1,3.8,11.7,28.4,1.9,4.9,6.8,.139,1.7,2.1,3.8,3.3
Iman Shumpert,2011-12,21,NYK,NBA,PG,59,35,28.9,3.6,9.1,.401,0.8,2.7,.306,2.8,6.4,.440,.446,1.5,1.8,.798,0.7,2.4,3.2,2.8,1.7,0.1,1.9,2.9,9.5,10.8,.484,.294,.204,2.8,9.9,6.3,15.6,3.1,0.4,16.0,18.2,-0.1,2.5,2.4,.068,-3.0,1.6,-1.4,0.2
Rajon Rondo,2011-12,25,BOS,NBA,PG,53,53,36.9,4.8,10.8,.448,0.2,0.8,.238,4.6,10.0,.464,.456,2.0,3.4,.597,1.2,3.7,4.8,11.7,1.8,0.1,3.6,1.9,11.9,17.5,.483,.073,.316,3.9,11.2,7.7,52.5,2.6,0.1,22.8,20.7,1.5,3.4,4.9,.121,1.5,0.6,2.2,2.1
Greg Monroe,2011-12,21,DET,NBA,C,66,66,31.5,6.2,11.8,.521,0.0,0.0,.000,6.2,11.8,.522,.521,3.0,4.1,.739,3.6,6.0,9.7,2.3,1.3,0.7,2.4,2.7,15.4,22.0,.563,.001,.348,13.3,23.6,18.3,14.0,2.1,1.7,15.2,23.6,4.3,2.7,7.0,.161,2.8,0.1,2.9,2.6
Kobe Bryant,2011-12,33,LAL,NBA,SG,58,58,38.5,9.9,23.0,.430,1.5,4.9,.303,8.4,18.1,.464,.462,6.6,7.8,.845,1.1,4.3,5.4,4.6,1.2,0.3,3.5,1.8,27.9,21.9,.527,.215,.338,3.5,11.8,7.8,23.7,1.6,0.6,11.7,35.7,4.2,2.0,6.2,.132,4.2,-0.9,3.3,2.9
Tyson Chandler,2011-12,29,NYK,NBA,C,62,62,33.2,3.9,5.7,.679,0.0,0.0,.000,3.9,5.7,.683,.679,3.5,5.1,.689,3.4,6.5,9.9,0.9,0.9,1.4,1.6,3.0,11.3,18.7,.708,.006,.887,11.8,22.7,17.2,4.3,1.4,3.4,17.1,13.0,5.8,3.6,9.5,.220,1.2,1.1,2.3,2.2
Dwyane Wade,2011-12,30,MIA,NBA,SG,49,49,33.2,8.5,17.1,.497,0.3,1.1,.268,8.2,15.9,.513,.506,4.8,6.1,.791,1.5,3.3,4.8,4.6,1.7,1.3,2.6,2.2,22.1,26.3,.559,.067,.355,5.6,11.6,8.7,27.3,2.7,3.1,11.8,31.3,4.8,2.9,7.7,.227,6.0,1.9,7.9,4.0
Mike Conley,2011-12,24,MEM,NBA,PG,62,61,35.1,4.8,11.0,.433,1.0,2.6,.377,3.8,8.5,.450,.477,2.2,2.5,.861,0.4,2.2,2.5,6.5,2.2,0.2,2.0,2.1,12.7,16.8,.523,.232,.231,1.2,7.4,4.2,29.8,3.3,0.4,14.2,18.3,3.6,2.8,6.4,.141,1.0,1.4,2.4,2.4
Joakim Noah,2011-12,26,CHI,NBA,C,64,64,30.4,3.9,7.7,.508,0.0,0.0,.000,3.9,7.6,.509,.508,2.4,3.2,.748,3.8,6.0,9.8,2.5,0.6,1.4,1.4,2.5,10.2,19.6,.561,.002,.420,14.1,21.8,18.0,12.7,1.1,3.4,13.7,15.8,4.9,4.2,9.0,.223,1.7,2.1,3.8,2.8
Chris Paul,2012-13,27,LAC,NBA,PG,70,70,33.4,5.9,12.2,.481,1.1,3.3,.328,4.8,8.9,.538,.526,4.1,4.6,.885,0.8,3.0,3.7,9.7,2.4,0.1,2.3,2.0,16.9,26.4,.594,.271,.377,2.8,10.5,6.7,46.5,3.8,0.4,13.7,22.6,10.6,3.4,13.9,.287,6.4,2.4,8.8,6.4
Jimmy Butler,2012-13,23,CHI,NBA,SF,82,20,26.0,2.9,6.2,.467,0.5,1.3,.381,2.4,5.0,.489,.506,2.3,2.8,.803,1.7,2.3,4.0,1.4,1.0,0.4,0.8,1.2,8.6,15.2,.574,.205,.455,7.2,10.4,8.8,8.6,2.0,1.1,9.2,14.6,4.4,2.6,7.0,.158,1.0,1.0,2.0,2.1
Luol Deng,2012-13,27,CHI,NBA,SF,75,75,38.7,6.2,14.6,.426,1.0,3.1,.322,5.2,11.5,.455,.461,3.1,3.8,.816,2.2,4.2,6.3,3.0,1.1,0.4,1.9,1.4,16.5,15.1,.508,.213,.258,6.3,12.6,9.4,13.2,1.5,0.8,10.6,21.5,3.0,3.3,6.3,.105,1.0,-0.3,0.8,2.0
LeBron James,2012-13,28,MIA,NBA,PF,76,76,37.9,10.1,17.8,.565,1.4,3.3,.406,8.7,14.5,.602,.603,5.3,7.0,.753,1.3,6.8,8.0,7.3,1.7,0.9,3.0,1.4,26.8,31.6,.640,.188,.395,4.4,20.8,13.1,36.4,2.4,1.9,12.4,30.2,14.6,4.7,19.3,.322,9.3,2.4,11.7,9.9
Dwight Howard,2012-13,27,LAL,NBA,C,76,76,35.8,6.2,10.7,.578,0.0,0.1,.167,6.2,10.6,.581,.579,4.7,9.5,.492,3.3,9.1,12.4,1.4,1.1,2.4,3.0,3.8,17.1,19.4,.573,.007,.887,10.4,27.4,19.1,6.6,1.6,4.9,16.6,22.2,2.8,4.8,7.6,.134,-0.6,1.1,0.6,1.8
Kevin Garnett,2012-13,36,BOS,NBA,C,68,68,29.7,6.2,12.5,.496,0.0,0.2,.125,6.2,12.3,.504,.498,2.3,3.0,.786,1.1,6.7,7.8,2.3,1.1,0.9,1.6,2.3,14.8,19.2,.535,.019,.236,4.5,25.8,15.5,14.4,2.0,2.4,10.5,24.5,1.8,3.8,5.6,.133,0.9,1.7,2.6,2.3
Roy Hibbert,2012-13,26,IND,NBA,C,79,79,28.7,4.9,10.9,.448,0.0,0.1,.250,4.9,10.8,.449,.449,2.1,2.8,.741,3.7,4.6,8.3,1.4,0.5,2.6,2.1,3.5,11.9,17.3,.489,.005,.261,14.8,17.4,16.1,8.9,0.9,6.7,14.5,22.5,1.3,4.9,6.1,.129,-1.7,1.4,-0.3,0.9
Russell Westbrook,2012-13,24,OKC,NBA,PG,82,82,34.9,8.2,18.7,.438,1.2,3.7,.323,7.0,15.1,.466,.470,5.6,7.0,.800,1.4,3.9,5.2,7.4,1.8,0.3,3.3,2.3,23.2,23.9,.532,.195,.375,4.8,11.8,8.6,38.4,2.6,0.6,13.2,32.8,7.7,3.9,11.6,.195,4.6,-0.2,4.4,4.6
Carmelo Anthony,2012-13,28,NYK,NBA,PF,67,67,37.0,10.0,22.2,.449,2.3,6.2,.379,7.6,16.0,.476,.502,6.3,7.6,.830,2.0,4.9,6.9,2.6,0.8,0.5,2.6,3.1,28.7,24.8,.560,.278,.344,6.1,15.9,10.8,14.1,1.1,1.1,9.3,35.6,7.5,2.0,9.5,.184,6.0,-1.7,4.3,3.9
Tim Duncan,2012-13,36,SAS,NBA,C,69,69,30.1,7.1,14.1,.502,0.0,0.1,.286,7.1,14.0,.504,.503,3.6,4.3,.817,1.8,8.1,9.9,2.7,0.7,2.7,2.1,1.7,17.8,24.4,.554,.007,.307,7.3,29.6,19.1,15.5,1.2,6.4,11.7,27.8,3.4,4.9,8.3,.191,2.4,2.9,5.3,3.8
Tony Allen,2012-13,31,MEM,NBA,SG,79,79,26.7,3.6,8.1,.445,0.0,0.3,.125,3.6,7.8,.458,.447,1.7,2.4,.717,1.5,3.1,4.6,1.2,1.5,0.6,1.2,2.7,8.9,13.2,.489,.038,.293,6.6,13.8,10.2,7.6,3.1,1.7,11.5,17.8,1.0,4.1,5.1,.115,-2.0,2.4,0.4,1.2
Tony Parker,2012-13,30,SAS,NBA,PG,66,66,32.9,7.9,15.1,.522,0.4,1.0,.353,7.5,14.0,.534,.534,4.2,5.0,.845,0.3,2.7,3.0,7.6,0.8,0.1,2.6,1.4,20.3,23.0,.588,.068,.332,1.0,9.1,5.3,40.4,1.3,0.2,13.0,27.7,7.1,2.3,9.3,.206,4.1,-0.5,3.6,3.1
James Harden,2012-13,23,HOU,NBA,SG,78,78,38.3,7.5,17.1,.438,2.3,6.2,.368,5.2,10.9,.477,.504,8.6,10.2,.851,0.8,4.1,4.9,5.8,1.8,0.5,3.8,2.3,25.9,23.0,.600,.364,.592,2.4,11.9,7.2,25.7,2.4,1.0,14.9,29.0,9.8,3.0,12.8,.206,5.2,0.5,5.6,5.8
Larry Sanders,2012-13,24,MIL,NBA,C,71,55,27.3,4.3,8.5,.506,0.0,0.0,.000,4.3,8.5,.507,.506,1.2,1.9,.618,3.2,6.3,9.5,1.2,0.7,2.8,1.2,3.3,9.8,18.7,.523,.003,.225,12.0,25.8,18.6,6.8,1.4,7.6,11.6,16.9,2.3,3.7,6.0,.149,-1.1,2.0,1.0,1.5
Stephen Curry,2012-13,24,GSW,NBA,PG,78,78,38.2,8.0,17.8,.451,3.5,7.7,.453,4.5,10.1,.449,.549,3.4,3.7,.900,0.8,3.3,4.0,6.9,1.6,0.2,3.1,2.5,22.9,21.3,.589,.432,.210,2.3,9.1,5.8,31.1,2.1,0.3,13.7,26.4,8.4,2.8,11.2,.180,5.3,0.1,5.4,5.6
Avery Bradley,2012-13,22,BOS,NBA,PG,50,50,28.7,3.8,9.6,.402,0.8,2.5,.317,3.0,7.0,.432,.444,0.7,1.0,.755,0.6,1.6,2.2,2.1,1.3,0.4,1.4,2.6,9.2,8.8,.461,.264,.103,2.5,6.5,4.6,11.6,2.3,1.0,12.6,18.8,-1.3,1.6,0.4,.012,-4.0,0.3,-3.7,-0.6
Andre Iguodala,2012-13,29,DEN,NBA,SG,80,80,34.7,5.0,11.0,.451,1.1,3.6,.317,3.8,7.4,.515,.502,1.9,3.4,.574,1.0,4.3,5.3,5.4,1.7,0.7,2.6,1.6,13.0,15.2,.520,.327,.307,3.4,13.5,8.5,22.4,2.5,1.5,17.1,18.8,2.4,3.2,5.6,.097,1.2,1.4,2.6,3.3
Serge Ibaka,2012-13,23,OKC,NBA,PF,80,80,31.1,5.6,9.7,.573,0.3,0.7,.351,5.3,9.0,.591,.586,1.8,2.4,.749,2.8,4.9,7.7,0.5,0.4,3.0,1.6,2.7,13.2,19.4,.612,.073,.246,11.1,17.0,14.2,2.8,0.6,7.4,12.7,18.1,5.3,4.1,9.4,.181,0.9,0.7,1.5,2.2
Kevin Durant,2012-13,24,OKC,NBA,SF,81,81,38.5,9.0,17.7,.510,1.7,4.1,.416,7.3,13.6,.539,.559,8.4,9.3,.905,0.6,7.3,7.9,4.6,1.4,1.3,3.5,1.8,28.1,28.3,.647,.233,.523,1.8,20.3,11.8,21.7,1.9,2.6,13.7,29.8,13.6,5.3,18.9,.291,7.6,1.7,9.3,8.9
Kenneth Faried,2012-13,23,DEN,NBA,PF,80,80,28.1,4.8,8.6,.552,0.0,0.0,,4.8,8.6,.552,.552,2.0,3.3,.613,3.3,5.9,9.2,1.0,1.0,1.0,1.4,2.9,11.5,18.5,.573,.000,.386,13.2,23.2,18.3,5.1,1.8,2.9,12.3,17.7,4.5,3.4,7.8,.167,0.9,0.2,1.1,1.7
Marc Gasol,2012-13,28,MEM,NBA,C,80,80,35.0,5.4,10.9,.494,0.0,0.2,.071,5.4,10.7,.501,.494,3.4,4.0,.848,2.3,5.5,7.8,4.0,1.0,1.7,2.0,3.2,14.1,19.5,.559,.016,.364,7.6,18.9,13.1,19.1,1.6,4.1,13.5,19.2,6.1,5.4,11.5,.197,2.1,3.1,5.2,5.1
Trevor Ariza,2012-13,27,WAS,NBA,SF,56,15,26.3,3.4,8.1,.417,1.4,3.7,.364,2.0,4.3,.463,.501,1.4,1.7,.821,0.8,4.0,4.8,2.0,1.3,0.4,1.5,1.3,9.5,14.0,.538,.463,.211,3.3,16.9,10.0,12.7,2.5,1.1,14.6,17.9,0.7,2.4,3.1,.102,0.1,2.0,2.1,1.6
Ty Lawson,2012-13,25,DEN,NBA,PG,73,71,34.4,6.1,13.3,.461,1.2,3.2,.366,5.0,10.1,.491,.505,3.2,4.3,.756,0.5,2.2,2.7,6.9,1.5,0.1,2.5,1.8,16.7,17.9,.549,.239,.320,1.6,7.1,4.4,30.2,2.1,0.2,14.1,22.3,5.6,1.8,7.4,.141,2.5,-0.5,2.0,2.5
Paul George,2012-13,22,IND,NBA,SF,79,79,37.6,6.2,14.9,.419,2.2,5.9,.362,4.1,8.9,.457,.491,2.8,3.5,.807,1.1,6.5,7.6,4.1,1.8,0.6,2.9,2.9,17.4,16.8,.531,.399,.233,3.4,19.0,11.3,19.6,2.6,1.3,15.2,23.5,2.7,6.3,9.0,.145,1.5,2.3,3.8,4.4
Kobe Bryant,2012-13,34,LAL,NBA,SG,78,78,38.6,9.5,20.4,.463,1.7,5.2,.324,7.8,15.2,.510,.504,6.7,8.0,.839,0.8,4.7,5.6,6.0,1.4,0.3,3.7,2.2,27.3,23.0,.570,.255,.392,2.5,13.1,7.9,29.7,1.8,0.6,13.3,31.9,8.4,2.6,10.9,.174,4.7,-0.1,4.6,5.0
Tyson Chandler,2012-13,30,NYK,NBA,C,66,66,32.8,3.9,6.1,.638,0.0,0.0,,3.9,6.1,.638,.638,2.7,3.9,.694,4.1,6.6,10.7,0.9,0.6,1.1,1.3,2.8,10.4,18.9,.671,.000,.645,14.1,24.3,19.0,4.5,1.0,3.0,14.5,13.0,6.7,2.6,9.3,.207,1.5,-0.3,1.3,1.8
David Lee,2012-13,29,GSW,NBA,PF,79,79,36.8,7.6,14.7,.519,0.0,0.1,.000,7.6,14.6,.521,.519,3.2,4.1,.797,2.8,8.5,11.2,3.5,0.8,0.3,2.6,3.1,18.5,19.2,.561,.003,.276,8.5,24.5,16.8,16.5,1.2,0.6,13.7,23.2,5.4,3.7,9.1,.150,1.4,0.4,1.8,2.8
Dwyane Wade,2012-13,31,MIA,NBA,SG,69,69,34.7,8.2,15.8,.521,0.2,1.0,.258,8.0,14.9,.537,.528,4.5,6.2,.725,1.2,3.7,5.0,5.1,1.9,0.8,2.8,2.0,21.2,24.0,.571,.060,.389,4.7,12.6,8.9,26.6,2.8,1.9,13.2,29.5,6.1,3.5,9.6,.192,3.7,0.7,4.4,3.8
Mike Conley,2012-13,25,MEM,NBA,PG,80,80,34.5,5.2,11.8,.440,1.3,3.7,.362,3.9,8.1,.476,.497,2.9,3.5,.830,0.5,2.3,2.8,6.1,2.2,0.3,2.4,2.1,14.6,18.3,.549,.312,.300,1.8,7.9,4.8,29.5,3.4,0.7,15.1,21.0,5.1,4.7,9.9,.172,2.3,2.3,4.6,4.6
Joakim Noah,2012-13,27,CHI,NBA,C,66,64,36.8,4.6,9.5,.481,0.0,0.1,.000,4.6,9.5,.485,.481,2.7,3.6,.751,3.9,7.2,11.1,4.0,1.2,2.1,2.7,2.8,11.9,18.1,.534,.008,.376,12.2,22.6,17.3,17.6,1.7,4.4,19.3,17.2,2.7,4.7,7.3,.145,0.6,2.7,3.4,3.3
Chris Paul,2013-14,28,LAC,NBA,PG,62,62,35.0,6.5,14.0,.467,1.3,3.4,.368,5.3,10.6,.498,.511,4.8,5.6,.855,0.6,3.7,4.3,10.7,2.5,0.1,2.3,2.5,19.1,25.9,.580,.244,.397,2.0,11.4,6.9,48.9,3.5,0.1,12.4,23.7,9.0,3.2,12.2,.270,6.0,2.6,8.6,5.8
Patrick Beverley,2013-14,25,HOU,NBA,PG,56,55,31.3,3.6,8.6,.414,1.6,4.6,.361,1.9,4.0,.473,.509,1.5,1.8,.814,1.3,2.2,3.5,2.7,1.4,0.4,1.2,3.1,10.2,12.4,.545,.530,.212,4.9,7.4,6.2,12.8,2.2,1.0,11.2,14.8,2.7,1.6,4.2,.116,-0.3,0.9,0.6,1.2
LeBron James,2013-14,29,MIA,NBA,PF,77,77,37.7,10.0,17.6,.567,1.5,4.0,.379,8.5,13.6,.622,.610,5.7,7.6,.750,1.1,5.9,6.9,6.3,1.6,0.3,3.5,1.6,27.1,29.3,.649,.226,.432,3.6,18.9,11.5,32.0,2.2,0.8,14.4,31.0,12.3,3.7,15.9,.264,7.8,1.1,8.8,7.9
Andrew Bogut,2013-14,29,GSW,NBA,C,67,67,26.4,3.5,5.6,.627,0.0,0.0,,3.5,5.6,.627,.627,0.3,1.0,.344,2.7,7.3,10.0,1.7,0.7,1.8,1.4,3.1,7.3,17.0,.610,.000,.171,11.4,29.7,20.7,9.3,1.3,5.2,19.4,12.4,2.4,4.0,6.5,.176,-0.2,3.2,3.0,2.2
Dwight Howard,2013-14,28,HOU,NBA,C,71,71,33.7,6.7,11.3,.591,0.0,0.1,.286,6.6,11.2,.594,.593,4.9,9.0,.547,3.3,8.9,12.2,1.8,0.8,1.8,3.2,3.4,18.3,21.3,.600,.009,.798,11.4,27.9,20.1,9.3,1.2,4.0,17.5,24.0,4.0,4.1,8.0,.161,0.9,0.8,1.8,2.3
Roy Hibbert,2013-14,27,IND,NBA,C,81,81,29.7,4.1,9.3,.439,0.0,0.1,.400,4.1,9.2,.439,.440,2.6,3.3,.770,2.5,4.1,6.6,1.1,0.4,2.2,1.8,3.3,10.8,13.5,.499,.007,.357,9.9,15.0,12.5,6.2,0.6,5.7,14.5,19.4,0.5,5.0,5.4,.108,-2.9,1.5,-1.4,0.4
Kevin Love,2013-14,25,MIN,NBA,PF,77,77,36.3,8.4,18.5,.457,2.5,6.6,.376,6.0,11.9,.502,.524,6.8,8.2,.821,2.9,9.6,12.5,4.4,0.8,0.5,2.5,1.8,26.1,26.9,.591,.355,.445,8.5,29.5,18.7,21.4,1.0,1.0,10.3,28.8,10.6,3.7,14.3,.245,8.3,0.6,8.9,7.7
Carmelo Anthony,2013-14,29,NYK,NBA,PF,77,77,38.7,9.6,21.3,.452,2.2,5.4,.402,7.5,15.9,.469,.503,6.0,7.0,.848,1.9,6.2,8.1,3.1,1.2,0.7,2.6,2.9,27.4,24.4,.561,.253,.329,5.6,19.4,12.3,15.8,1.7,1.5,9.5,32.4,8.1,2.5,10.7,.172,5.8,-0.8,5.0,5.3
Anthony Davis,2013-14,20,NOP,NBA,PF,67,66,35.2,7.8,15.0,.519,0.0,0.1,.222,7.8,14.9,.522,.520,5.2,6.6,.791,3.1,7.0,10.0,1.6,1.3,2.8,1.6,3.0,20.8,26.5,.582,.009,.438,10.0,23.3,16.6,8.0,2.0,6.7,8.3,25.2,7.2,3.2,10.4,.212,4.0,0.8,4.8,4.0
Tim Duncan,2013-14,37,SAS,NBA,C,74,74,29.2,6.0,12.2,.490,0.0,0.1,.000,6.0,12.2,.493,.490,3.1,4.3,.731,2.1,7.6,9.7,3.0,0.6,1.9,2.1,1.8,15.1,21.3,.535,.006,.349,8.6,28.3,18.8,16.0,1.0,4.6,13.2,25.2,2.8,4.6,7.4,.164,1.2,2.1,3.3,2.9
James Harden,2013-14,24,HOU,NBA,SG,73,73,38.0,7.5,16.5,.456,2.4,6.6,.366,5.1,9.9,.515,.529,7.9,9.1,.866,0.8,3.9,4.7,6.1,1.6,0.4,3.6,2.4,25.4,23.5,.618,.401,.552,2.6,10.7,6.9,27.3,2.1,0.8,15.0,27.8,10.1,2.7,12.8,.221,5.4,0.2,5.6,5.3
Tony Parker,2013-14,31,SAS,NBA,PG,68,68,29.4,6.7,13.4,.499,0.4,1.0,.373,6.3,12.5,.509,.513,2.9,3.6,.811,0.3,2.0,2.3,5.7,0.5,0.1,2.2,1.3,16.7,18.9,.555,.073,.266,1.0,7.5,4.4,31.7,0.9,0.3,12.9,26.5,3.9,1.9,5.9,.141,2.0,-1.2,0.9,1.5
Dirk Nowitzki,2013-14,35,DAL,NBA,PF,80,80,32.9,7.9,15.9,.497,1.6,4.1,.398,6.3,11.8,.532,.549,4.2,4.7,.899,0.5,5.7,6.2,2.7,0.9,0.6,1.5,2.1,21.7,23.6,.603,.258,.295,1.8,20.0,10.9,14.2,1.4,1.4,7.5,26.9,8.6,2.3,10.9,.199,5.0,0.0,5.0,4.7
Blake Griffin,2013-14,24,LAC,NBA,PF,80,80,35.8,9.0,17.0,.528,0.2,0.6,.273,8.8,16.4,.537,.533,6.0,8.4,.715,2.4,7.1,9.5,3.9,1.2,0.6,2.8,3.3,24.1,23.9,.583,.032,.496,7.7,21.2,14.7,19.2,1.6,1.4,11.9,29.0,8.1,4.1,12.2,.205,3.8,0.7,4.5,4.7
Stephen Curry,2013-14,25,GSW,NBA,PG,78,78,36.5,8.4,17.7,.471,3.3,7.9,.424,5.0,9.8,.509,.566,3.9,4.5,.885,0.6,3.7,4.3,8.5,1.6,0.2,3.8,2.5,24.0,24.1,.610,.445,.252,1.8,10.9,6.4,39.9,2.2,0.4,16.1,28.3,9.3,4.0,13.4,.225,6.3,1.1,7.4,6.7
Kawhi Leonard,2013-14,22,SAS,NBA,SF,66,65,29.1,5.1,9.8,.522,1.0,2.8,.379,4.1,7.0,.579,.576,1.5,1.9,.802,1.2,5.1,6.2,2.0,1.7,0.8,1.2,1.9,12.8,19.4,.602,.282,.195,4.6,18.9,12.1,10.4,3.0,1.9,10.3,18.3,3.8,3.9,7.7,.193,2.1,3.0,5.1,3.5
Andre Iguodala,2013-14,30,GSW,NBA,SF,63,63,32.4,3.5,7.3,.480,1.0,2.8,.354,2.5,4.5,.558,.548,1.4,2.1,.652,0.8,3.8,4.7,4.2,1.5,0.3,1.6,1.6,9.3,13.7,.570,.382,.288,2.9,12.6,7.8,18.2,2.3,0.7,16.2,13.3,2.7,3.1,5.8,.135,-0.1,2.4,2.3,2.2
Serge Ibaka,2013-14,24,OKC,NBA,PF,81,81,32.9,6.5,12.1,.536,0.3,0.7,.383,6.2,11.3,.546,.548,1.9,2.5,.784,2.8,6.0,8.8,1.0,0.5,2.7,1.5,2.9,15.1,19.6,.576,.061,.203,10.0,19.6,15.0,5.2,0.7,6.7,10.3,19.8,5.2,4.4,9.6,.173,1.1,0.6,1.7,2.5
LaMarcus Aldridge,2013-14,28,POR,NBA,PF,69,69,36.2,9.4,20.6,.458,0.0,0.2,.200,9.4,20.4,.461,.459,4.3,5.2,.822,2.4,8.7,11.1,2.6,0.9,1.0,1.8,2.1,23.2,21.8,.507,.011,.253,7.2,25.5,16.5,13.0,1.3,1.9,7.2,29.8,4.0,3.5,7.5,.144,2.3,0.1,2.3,2.7
Kevin Durant,2013-14,25,OKC,NBA,SF,81,81,38.5,10.5,20.8,.503,2.4,6.1,.391,8.1,14.8,.549,.560,8.7,9.9,.873,0.7,6.7,7.4,5.5,1.3,0.7,3.5,2.1,32.0,29.8,.635,.291,.477,2.2,18.6,10.8,26.7,1.7,1.5,12.2,33.0,14.8,4.4,19.2,.295,8.8,1.4,10.2,9.6
Marc Gasol,2013-14,29,MEM,NBA,C,59,59,33.4,5.7,12.1,.473,0.0,0.2,.182,5.7,11.9,.477,.474,3.1,4.1,.768,1.4,5.8,7.2,3.6,1.0,1.3,1.9,2.5,14.6,18.2,.526,.015,.339,5.0,20.5,12.7,17.7,1.6,3.2,12.0,21.7,2.6,3.1,5.6,.137,1.1,2.0,3.0,2.5
Trevor Ariza,2013-14,28,WAS,NBA,SF,77,77,35.4,5.1,11.1,.456,2.3,5.7,.407,2.7,5.3,.509,.562,1.9,2.5,.772,1.3,4.9,6.2,2.5,1.6,0.3,1.7,2.3,14.4,15.8,.590,.518,.226,4.1,16.3,10.1,10.8,2.4,0.6,12.3,17.8,4.3,3.7,8.0,.141,1.3,1.0,2.3,3.0
Paul George,2013-14,23,IND,NBA,SF,80,80,36.2,7.2,17.0,.424,2.3,6.3,.364,4.9,10.8,.458,.490,5.0,5.8,.864,0.8,6.0,6.8,3.5,1.9,0.3,2.8,2.5,21.7,20.1,.555,.367,.341,2.6,17.7,10.5,17.9,2.7,0.6,12.5,28.3,4.4,6.4,10.8,.178,2.7,2.1,4.9,5.0
P.J. Tucker,2013-14,28,PHO,NBA,SF,81,81,30.7,3.3,7.6,.431,0.9,2.4,.387,2.4,5.2,.450,.491,1.9,2.5,.776,2.0,4.5,6.5,1.7,1.4,0.3,1.3,2.5,9.4,13.3,.540,.311,.327,7.3,16.6,11.9,8.1,2.2,0.7,12.7,14.2,3.3,2.8,6.1,.117,0.1,0.9,1.0,1.9
Goran Dragić,2013-14,27,PHO,NBA,SG,76,75,35.1,7.3,14.4,.505,1.6,3.9,.408,5.7,10.4,.542,.561,4.2,5.5,.760,0.9,2.3,3.2,5.9,1.4,0.3,2.8,2.7,20.3,21.4,.604,.274,.381,2.9,7.4,5.2,28.1,2.0,0.6,14.3,24.5,8.4,2.0,10.3,.186,4.1,-0.2,3.9,4.0
DeAndre Jordan,2013-14,25,LAC,NBA,C,82,82,35.0,4.2,6.3,.676,0.0,0.0,,4.2,6.3,.676,.676,2.0,4.6,.428,4.0,9.5,13.6,0.9,1.0,2.5,1.5,3.2,10.4,18.2,.630,.000,.726,13.3,29.3,21.6,3.7,1.4,5.4,15.3,12.4,5.3,5.8,11.1,.186,0.9,1.6,2.5,3.3
Al Jefferson,2013-14,29,CHA,NBA,C,73,73,35.0,9.6,18.8,.509,0.0,0.2,.200,9.5,18.6,.512,.510,2.6,3.8,.690,2.1,8.7,10.8,2.1,0.9,1.1,1.7,2.4,21.8,22.7,.532,.011,.201,6.9,28.3,17.5,12.8,1.4,2.4,7.6,29.3,3.1,4.7,7.8,.146,2.2,0.5,2.7,3.0
Mike Conley,2013-14,26,MEM,NBA,PG,73,73,33.5,6.3,14.1,.450,1.4,4.0,.361,4.9,10.1,.484,.500,3.1,3.8,.815,0.6,2.4,2.9,6.0,1.5,0.2,2.1,1.9,17.2,20.0,.545,.283,.268,2.0,8.4,5.2,30.1,2.4,0.4,11.5,24.6,5.5,2.7,8.2,.161,3.4,0.3,3.8,3.6
Joakim Noah,2013-14,28,CHI,NBA,C,80,80,35.3,4.8,10.0,.475,0.0,0.0,.000,4.8,10.0,.476,.475,3.1,4.2,.737,3.5,7.7,11.3,5.4,1.2,1.5,2.4,3.1,12.6,20.0,.531,.003,.419,11.6,24.5,18.2,26.4,1.9,3.3,17.0,18.7,4.5,6.6,11.2,.190,1.7,3.6,5.3,5.2
Chris Paul,2014-15,29,LAC,NBA,PG,82,82,34.8,6.9,14.3,.485,1.7,4.3,.398,5.2,10.0,.523,.545,3.5,3.9,.900,0.6,4.0,4.6,10.2,1.9,0.2,2.3,2.5,19.1,26.0,.596,.298,.274,2.1,12.5,7.4,47.4,2.8,0.4,12.7,23.7,12.9,3.2,16.1,.270,6.4,1.6,8.0,7.2
Draymond Green,2014-15,24,GSW,NBA,PF,79,79,31.5,4.3,9.7,.443,1.4,4.2,.337,2.9,5.5,.523,.516,1.7,2.5,.660,1.4,6.7,8.2,3.7,1.6,1.3,1.7,3.2,11.7,16.4,.540,.430,.261,5.1,22.4,14.0,16.1,2.4,2.9,13.5,17.2,3.3,5.2,8.5,.163,0.7,2.8,3.5,3.5
Jimmy Butler,2014-15,25,CHI,NBA,SG,65,65,38.7,6.5,14.0,.462,1.1,3.0,.378,5.4,11.1,.484,.502,5.9,7.1,.834,1.8,4.1,5.8,3.3,1.8,0.6,1.4,1.7,20.0,21.3,.583,.212,.508,5.1,11.2,8.2,14.4,2.3,1.0,7.7,21.6,8.2,3.0,11.2,.214,3.4,1.2,4.6,4.2
Patrick Beverley,2014-15,26,HOU,NBA,PG,56,55,30.8,3.6,9.5,.383,2.1,5.8,.356,1.6,3.7,.426,.492,0.8,1.1,.750,1.2,3.0,4.2,3.4,1.1,0.4,1.5,3.3,10.1,11.3,.509,.607,.113,4.3,10.8,7.6,17.2,1.7,1.0,12.9,16.1,1.7,1.8,3.5,.096,-0.4,0.5,0.1,0.9
LeBron James,2014-15,30,CLE,NBA,SF,69,69,36.1,9.0,18.5,.488,1.7,4.9,.354,7.3,13.6,.536,.535,5.4,7.7,.710,0.7,5.3,6.0,7.4,1.6,0.7,3.9,2.0,25.3,25.9,.577,.265,.413,2.4,16.6,9.6,38.6,2.3,1.6,15.3,32.3,7.4,2.9,10.4,.199,6.1,1.0,7.1,5.7
Andrew Bogut,2014-15,30,GSW,NBA,C,67,65,23.6,3.0,5.3,.563,0.0,0.0,,3.0,5.3,.563,.563,0.3,0.6,.524,2.1,6.0,8.1,2.7,0.6,1.7,1.6,2.8,6.3,15.8,.565,.000,.118,9.9,26.5,18.5,15.4,1.2,5.3,22.1,13.2,1.9,3.4,5.2,.159,-0.9,3.3,2.4,1.8
Rudy Gobert,2014-15,22,UTA,NBA,C,82,37,26.3,3.1,5.2,.604,0.0,0.0,.000,3.1,5.2,.607,.604,2.1,3.3,.623,3.2,6.2,9.5,1.3,0.8,2.3,1.4,2.1,8.4,21.6,.627,.005,.639,14.3,27.2,20.7,8.2,1.6,7.0,16.9,14.0,5.0,4.3,9.3,.206,1.7,2.5,4.2,3.4
Russell Westbrook,2014-15,26,OKC,NBA,PG,67,67,34.4,9.4,22.0,.426,1.3,4.3,.299,8.1,17.7,.457,.455,8.1,9.8,.835,1.9,5.4,7.3,8.6,2.1,0.2,4.4,2.7,28.1,29.1,.536,.196,.445,5.9,16.7,11.4,47.0,3.0,0.5,14.3,38.4,7.5,3.2,10.6,.222,6.9,1.2,8.1,5.8
DeMarre Carroll,2014-15,28,ATL,NBA,SF,70,69,31.3,4.5,9.3,.487,1.7,4.3,.395,2.8,5.0,.567,.579,1.8,2.6,.702,1.4,3.9,5.3,1.7,1.3,0.2,1.1,2.2,12.6,15.9,.603,.466,.277,5.3,13.8,9.7,8.3,2.2,0.7,9.3,16.9,4.3,2.8,7.0,.154,1.2,0.4,1.7,2.0
Joakim Noah,2014-15,29,CHI,NBA,C,67,67,30.6,2.8,6.4,.445,0.0,0.0,.000,2.8,6.3,.447,.445,1.6,2.6,.603,3.3,6.4,9.6,4.7,0.7,1.1,1.8,3.0,7.2,15.3,.482,.005,.407,11.9,22.1,17.1,23.0,1.2,2.6,19.6,13.7,2.4,3.1,5.6,.130,0.1,2.0,2.1,2.1
Tim Duncan,2014-15,38,SAS,NBA,C,77,77,28.9,5.4,10.6,.512,0.0,0.1,.286,5.4,10.5,.514,.513,3.0,4.0,.740,2.2,6.9,9.1,3.0,0.8,2.0,1.7,2.1,13.9,22.6,.560,.009,.380,8.8,26.7,17.9,16.8,1.4,5.1,12.1,22.2,4.9,4.7,9.6,.207,2.3,2.8,5.1,4.0
Tony Allen,2014-15,33,MEM,NBA,SG,63,41,26.2,3.6,7.2,.495,0.2,0.5,.345,3.4,6.8,.505,.505,1.3,2.0,.627,1.6,2.8,4.4,1.4,2.0,0.5,1.4,2.6,8.6,14.6,.528,.064,.277,7.2,12.2,9.7,8.1,4.1,1.5,14.4,16.6,0.9,3.2,4.1,.119,-1.5,3.1,1.6,1.5
James Harden,2014-15,25,HOU,NBA,SG,81,81,36.8,8.0,18.1,.440,2.6,6.9,.375,5.4,11.3,.480,.511,8.8,10.2,.868,0.9,4.7,5.7,7.0,1.9,0.7,4.0,2.6,27.4,26.7,.605,.378,.561,2.8,14.2,8.5,34.6,2.6,1.6,14.9,31.3,12.2,4.2,16.4,.265,7.0,1.8,8.8,8.1
Blake Griffin,2014-15,25,LAC,NBA,PF,67,67,35.2,8.6,17.1,.502,0.1,0.4,.400,8.4,16.7,.504,.506,4.6,6.4,.728,1.9,5.7,7.6,5.3,0.9,0.5,2.3,2.9,21.9,22.8,.551,.022,.373,6.1,17.9,12.1,26.2,1.4,1.2,10.2,28.4,6.6,2.4,9.0,.183,3.8,0.2,4.0,3.6
Stephen Curry,2014-15,26,GSW,NBA,PG,80,80,32.7,8.2,16.8,.487,3.6,8.1,.443,4.6,8.7,.528,.594,3.9,4.2,.914,0.7,3.6,4.3,7.7,2.0,0.2,3.1,2.0,23.8,28.0,.638,.482,.251,2.4,11.4,7.0,38.6,3.0,0.5,14.3,28.9,11.5,4.1,15.7,.288,8.2,1.7,9.9,7.9
Kawhi Leonard,2014-15,23,SAS,NBA,SF,64,64,31.8,6.2,12.8,.479,1.0,3.0,.349,5.1,9.8,.519,.520,3.2,3.9,.802,1.3,5.9,7.2,2.5,2.3,0.8,1.5,2.0,16.5,22.0,.567,.234,.307,4.8,20.6,12.9,13.0,3.7,1.8,9.4,23.0,4.2,4.4,8.6,.204,2.8,3.1,5.9,4.1
LaMarcus Aldridge,2014-15,29,POR,NBA,PF,71,71,35.4,9.3,19.9,.466,0.5,1.5,.352,8.8,18.5,.475,.479,4.3,5.1,.845,2.5,7.7,10.2,1.7,0.7,1.0,1.7,1.8,23.4,22.8,.528,.074,.256,7.7,22.9,15.5,9.2,1.0,1.9,7.2,30.2,4.9,3.7,8.6,.165,3.2,-0.3,2.9,3.1
Michael Kidd-Gilchrist,2014-15,21,CHO,NBA,SF,55,52,28.9,4.1,8.8,.465,0.0,0.0,,4.1,8.8,.465,.465,2.7,3.9,.701,2.0,5.6,7.6,1.4,0.5,0.7,1.1,2.1,10.9,15.1,.519,.000,.444,7.4,21.9,14.4,8.2,1.0,1.9,9.9,18.4,1.6,2.2,3.8,.114,-1.1,0.6,-0.5,0.6
Marc Gasol,2014-15,30,MEM,NBA,C,81,81,33.2,6.5,13.2,.494,0.0,0.2,.176,6.5,13.0,.500,.496,4.3,5.4,.795,1.4,6.4,7.8,3.8,0.9,1.6,2.2,2.6,17.4,21.7,.558,.016,.410,4.9,21.8,13.4,19.7,1.4,4.0,12.2,24.6,5.5,4.7,10.2,.182,2.7,2.4,5.1,4.8
Hassan Whiteside,2014-15,25,MIA,NBA,C,48,32,23.8,5.1,8.1,.628,0.0,0.0,,5.1,8.1,.628,.628,1.6,3.3,.500,3.0,7.0,10.0,0.1,0.6,2.6,1.2,2.7,11.8,26.2,.619,.000,.403,15.6,34.7,25.4,1.0,1.2,9.2,11.3,21.1,2.8,2.4,5.3,.221,2.5,1.6,4.1,1.8
Trevor Ariza,2014-15,29,HOU,NBA,SF,82,82,35.7,4.5,11.1,.402,2.4,6.8,.350,2.1,4.3,.485,.509,1.5,1.7,.853,0.9,4.7,5.6,2.5,1.9,0.2,1.7,2.3,12.8,12.7,.539,.610,.157,2.9,14.4,8.6,11.1,2.6,0.5,12.7,16.5,2.7,3.9,6.6,.108,-0.1,1.1,1.0,2.2
Nerlens Noel,2014-15,20,PHI,NBA,C,75,71,30.8,4.0,8.7,.462,0.0,0.0,,4.0,8.7,.462,.462,1.9,3.1,.609,2.5,5.7,8.1,1.7,1.8,1.9,1.9,2.8,9.9,15.0,.493,.000,.352,8.3,21.0,14.3,9.8,2.9,5.0,16.2,17.0,-0.2,4.2,4.0,.083,-2.6,2.3,-0.3,1.0
DeAndre Jordan,2014-15,26,LAC,NBA,C,82,82,34.4,4.6,6.5,.710,0.0,0.0,.250,4.6,6.5,.713,.711,2.3,5.7,.397,4.8,10.1,15.0,0.7,1.0,2.2,1.3,3.0,11.5,21.0,.638,.007,.882,16.2,32.4,24.5,3.2,1.5,5.4,12.8,13.6,7.4,5.4,12.8,.217,2.2,0.7,2.9,3.5
Klay Thompson,2014-15,24,GSW,NBA,SG,77,77,31.9,7.8,16.9,.463,3.1,7.1,.439,4.7,9.8,.481,.555,2.9,3.3,.879,0.4,2.9,3.2,2.9,1.1,0.8,1.9,1.6,21.7,20.8,.591,.420,.197,1.2,9.4,5.4,14.6,1.7,1.8,9.5,27.6,5.7,3.1,8.8,.172,4.5,-0.1,4.4,4.0
Anthony Davis,2014-15,21,NOP,NBA,PF,68,68,36.1,9.4,17.6,.535,0.0,0.2,.083,9.4,17.5,.540,.536,5.5,6.8,.805,2.5,7.7,10.2,2.2,1.5,2.9,1.4,2.1,24.4,30.8,.591,.010,.384,8.0,24.1,16.1,11.6,2.1,6.2,6.3,27.8,9.9,4.2,14.0,.274,6.6,2.3,8.9,6.7
Chris Paul,2015-16,30,LAC,NBA,PG,74,74,32.7,7.0,15.1,.462,1.6,4.4,.371,5.3,10.6,.501,.517,4.0,4.4,.896,0.5,3.7,4.2,10.0,2.1,0.2,2.6,2.5,19.5,26.2,.575,.295,.294,1.8,12.0,7.0,52.7,3.1,0.4,13.4,27.1,9.2,3.5,12.7,.253,5.9,2.0,7.9,6.0
Draymond Green,2015-16,25,GSW,NBA,PF,81,81,34.7,5.0,10.1,.490,1.2,3.2,.388,3.7,6.9,.537,.551,2.8,4.1,.696,1.7,7.8,9.5,7.4,1.5,1.4,3.2,3.0,14.0,19.3,.587,.315,.402,5.5,23.0,14.7,29.0,2.0,3.0,21.2,18.8,6.0,5.1,11.1,.190,2.6,2.9,5.5,5.3
Jimmy Butler,2015-16,26,CHI,NBA,SG,67,67,36.9,7.0,15.4,.454,1.0,3.1,.312,6.1,12.4,.489,.485,5.9,7.1,.832,1.2,4.2,5.3,4.8,1.6,0.6,2.0,1.9,20.9,21.3,.562,.198,.459,3.4,11.6,7.6,21.4,2.2,1.3,9.6,24.4,6.5,2.7,9.1,.177,3.2,1.2,4.4,3.9
LeBron James,2015-16,31,CLE,NBA,SF,76,76,35.6,9.7,18.6,.520,1.1,3.7,.309,8.6,14.9,.573,.551,4.7,6.5,.731,1.5,6.0,7.4,6.8,1.4,0.6,3.3,1.9,25.3,27.5,.588,.199,.347,4.7,18.8,11.8,36.0,2.0,1.5,13.2,31.4,9.6,4.0,13.6,.242,7.0,2.0,9.0,7.5
Andre Drummond,2015-16,22,DET,NBA,C,81,81,32.9,6.8,13.1,.521,0.0,0.1,.333,6.8,13.0,.522,.522,2.6,7.2,.355,4.9,9.9,14.8,0.8,1.5,1.4,1.9,3.0,16.2,21.2,.499,.006,.553,15.6,34.2,24.5,4.4,2.3,3.2,10.5,24.1,2.0,5.5,7.4,.133,0.8,0.3,1.1,2.0
Rudy Gobert,2015-16,23,UTA,NBA,C,61,60,31.7,3.2,5.8,.559,0.0,0.0,,3.2,5.8,.559,.559,2.6,4.6,.569,3.4,7.5,11.0,1.5,0.7,2.2,1.9,2.7,9.1,17.5,.582,.000,.799,12.6,27.7,20.2,7.4,1.2,5.9,19.2,14.2,2.6,3.8,6.4,.160,0.0,2.2,2.2,2.0
Damian Lillard,2015-16,25,POR,NBA,PG,75,75,35.7,8.2,19.7,.419,3.1,8.1,.375,5.2,11.5,.450,.497,5.5,6.2,.892,0.6,3.4,4.0,6.8,0.9,0.4,3.2,2.2,25.1,22.2,.560,.414,.315,1.8,10.4,6.1,33.6,1.2,0.8,12.6,31.3,7.7,1.4,9.2,.165,5.7,-1.3,4.4,4.3
Russell Westbrook,2015-16,27,OKC,NBA,PG,80,80,34.4,8.2,18.1,.454,1.3,4.3,.296,6.9,13.8,.503,.489,5.8,7.2,.812,1.8,6.0,7.8,10.4,2.0,0.3,4.3,2.5,23.5,27.6,.554,.236,.397,6.1,18.1,12.4,49.6,2.9,0.6,16.8,31.6,10.0,4.0,14.0,.245,6.4,1.4,7.8,6.8
Tony Allen,2015-16,34,MEM,NBA,SG,64,57,25.3,3.4,7.3,.458,0.2,0.7,.357,3.1,6.7,.468,.474,1.4,2.2,.652,1.6,3.0,4.6,1.1,1.7,0.3,1.2,2.7,8.4,12.9,.505,.090,.294,7.0,14.1,10.4,6.9,3.5,1.0,12.8,16.8,0.5,1.9,2.4,.072,-2.2,1.2,-1.0,0.4
James Harden,2015-16,26,HOU,NBA,SG,82,82,38.1,8.7,19.7,.439,2.9,8.0,.359,5.8,11.7,.494,.512,8.8,10.2,.860,0.8,5.3,6.1,7.5,1.7,0.6,4.6,2.8,29.0,25.3,.598,.406,.518,2.2,15.6,8.8,35.4,2.2,1.4,15.9,32.5,10.7,2.6,13.3,.204,6.4,0.2,6.6,6.8
Avery Bradley,2015-16,25,BOS,NBA,SG,76,72,33.4,6.0,13.4,.447,1.9,5.4,.361,4.1,8.1,.505,.520,1.3,1.6,.780,0.6,2.3,2.9,2.1,1.5,0.3,1.4,2.2,15.2,13.2,.538,.399,.121,2.0,7.3,4.6,9.8,2.2,0.6,9.2,19.8,2.0,2.8,4.8,.090,-0.4,0.3,-0.1,1.2
Stephen Curry,2015-16,27,GSW,NBA,PG,79,79,34.2,10.2,20.2,.504,5.1,11.2,.454,5.1,9.0,.566,.630,4.6,5.1,.908,0.9,4.6,5.4,6.7,2.1,0.2,3.3,2.0,30.1,31.5,.669,.554,.250,2.9,13.6,8.6,33.7,3.0,0.4,12.9,32.6,13.8,4.1,17.9,.318,10.3,1.6,11.9,9.5
Kawhi Leonard,2015-16,24,SAS,NBA,SF,72,72,33.1,7.7,15.1,.506,1.8,4.0,.443,5.9,11.1,.528,.565,4.1,4.6,.874,1.3,5.5,6.8,2.6,1.8,1.0,1.5,1.8,21.2,26.0,.616,.267,.306,4.7,18.4,11.8,13.0,2.8,2.3,7.8,25.8,8.3,5.5,13.7,.277,6.1,3.0,9.1,6.7
Jae Crowder,2015-16,25,BOS,NBA,SF,73,73,31.6,4.9,11.1,.443,1.7,5.0,.336,3.3,6.2,.529,.518,2.7,3.3,.820,1.0,4.2,5.1,1.8,1.7,0.5,1.1,2.7,14.2,15.8,.565,.446,.294,3.2,14.2,8.6,8.9,2.7,1.2,8.3,18.5,3.8,3.5,7.3,.152,0.8,1.4,2.2,2.5
Kevin Durant,2015-16,27,OKC,NBA,SF,72,72,35.8,9.7,19.2,.505,2.6,6.7,.387,7.1,12.5,.569,.573,6.2,6.9,.898,0.6,7.6,8.2,5.0,1.0,1.2,3.5,1.9,28.2,28.2,.634,.348,.361,2.0,21.8,12.4,24.2,1.3,2.5,13.5,30.6,11.0,3.5,14.5,.270,8.4,1.6,9.9,7.8
Hassan Whiteside,2015-16,26,MIA,NBA,C,73,43,29.1,5.7,9.3,.606,0.0,0.0,,5.7,9.3,.606,.606,2.9,4.5,.650,3.3,8.6,11.8,0.4,0.6,3.7,1.9,2.8,14.2,25.7,.629,.000,.482,13.1,32.4,23.1,2.4,1.1,9.7,14.2,20.7,5.0,5.3,10.3,.233,1.7,2.4,4.1,3.3
Trevor Ariza,2015-16,30,HOU,NBA,SF,81,81,35.3,4.4,10.6,.416,2.3,6.2,.371,2.1,4.4,.478,.523,1.6,2.0,.783,0.8,3.7,4.5,2.3,2.0,0.3,1.4,2.2,12.7,12.9,.551,.581,.187,2.6,11.6,7.1,10.0,2.8,0.8,10.8,15.7,3.1,2.3,5.4,.090,0.1,0.3,0.4,1.7
Al Horford,2015-16,29,ATL,NBA,C,82,82,32.1,6.5,12.8,.505,1.1,3.1,.344,5.4,9.7,.557,.547,1.3,1.6,.798,1.8,5.5,7.3,3.2,0.8,1.5,1.3,2.0,15.2,19.4,.565,.244,.123,6.3,18.2,12.4,16.7,1.3,3.6,8.8,20.6,4.9,4.5,9.4,.172,2.2,1.6,3.8,3.9
DeAndre Jordan,2015-16,27,LAC,NBA,C,77,77,33.7,4.6,6.6,.703,0.0,0.0,.000,4.6,6.6,.704,.703,3.5,8.0,.430,3.5,10.3,13.8,1.2,0.7,2.3,1.4,2.7,12.7,20.6,.628,.002,1.219,11.4,32.7,22.2,5.3,1.0,5.4,12.1,15.4,6.0,5.5,11.5,.213,1.5,1.3,2.8,3.2
Kyle Lowry,2015-16,29,TOR,NBA,PG,77,77,37.0,6.6,15.6,.427,2.8,7.1,.388,3.9,8.5,.461,.516,5.2,6.4,.811,0.7,4.0,4.7,6.4,2.1,0.4,2.9,2.7,21.2,22.1,.578,.457,.410,2.2,12.3,7.3,29.9,2.9,1.0,13.7,26.1,8.0,3.7,11.6,.196,4.7,1.1,5.8,5.7
Paul Millsap,2015-16,30,ATL,NBA,PF,81,81,32.7,6.2,13.2,.470,0.9,2.9,.319,5.3,10.3,.512,.505,3.8,5.0,.757,2.4,6.6,9.0,3.3,1.8,1.7,2.4,2.9,17.1,21.3,.556,.218,.383,8.4,21.5,15.1,16.4,2.7,4.1,13.3,24.3,4.1,6.0,10.1,.183,1.5,2.7,4.2,4.1
Anthony Davis,2015-16,22,NOP,NBA,C,61,61,35.5,9.2,18.6,.493,0.6,1.8,.324,8.6,16.9,.511,.508,5.3,7.0,.758,2.1,8.1,10.3,1.9,1.3,2.0,2.0,2.4,24.3,25.0,.559,.095,.379,6.4,26.4,16.1,10.0,1.8,4.7,8.4,29.6,4.4,2.8,7.2,.160,3.6,0.4,3.9,3.2
Draymond Green,2016-17,26,GSW,NBA,PF,76,76,32.5,3.6,8.6,.418,1.1,3.5,.308,2.5,5.1,.494,.481,2.0,2.8,.709,1.3,6.6,7.9,7.0,2.0,1.4,2.4,2.9,10.2,16.5,.522,.405,.328,4.7,20.9,13.3,27.6,3.0,3.4,19.8,16.2,2.8,5.4,8.2,.160,1.0,3.9,4.9,4.3
Patrick Beverley,2016-17,28,HOU,NBA,SG,67,67,30.7,3.4,8.1,.420,1.6,4.3,.382,1.8,3.8,.463,.521,1.1,1.4,.768,1.4,4.4,5.9,4.2,1.5,0.4,1.5,3.3,9.5,13.0,.546,.530,.175,5.0,15.8,10.4,18.8,2.3,1.0,14.6,14.1,2.9,2.4,5.3,.123,-0.2,1.4,1.1,1.6
Robert Covington,2016-17,26,PHI,NBA,SF,67,67,31.6,4.4,10.9,.399,2.0,6.1,.333,2.3,4.8,.484,.492,2.1,2.6,.822,1.4,5.1,6.5,1.5,1.9,1.0,2.0,3.0,12.9,13.2,.534,.563,.238,4.8,17.9,11.3,7.5,2.9,2.6,13.9,19.2,0.0,3.2,3.1,.071,-1.2,1.4,0.2,1.1
LaMarcus Aldridge,2016-17,31,SAS,NBA,PF,72,72,32.4,6.9,14.6,.477,0.3,0.8,.411,6.6,13.8,.480,.488,3.1,3.8,.812,2.4,4.9,7.3,1.9,0.6,1.2,1.4,2.2,17.3,18.6,.532,.053,.258,8.5,16.6,12.7,9.9,1.0,3.0,7.7,24.5,3.5,3.7,7.2,.149,0.7,0.1,0.8,1.7
Giannis Antetokounmpo,2016-17,22,MIL,NBA,SF,80,80,35.6,8.2,15.7,.521,0.6,2.3,.272,7.6,13.5,.563,.541,5.9,7.7,.770,1.8,7.0,8.8,5.4,1.6,1.9,2.9,3.1,22.9,26.1,.599,.143,.486,5.9,22.6,14.3,26.6,2.3,4.7,13.3,28.3,7.9,4.5,12.4,.210,4.9,2.4,7.3,6.7
Kevin Durant,2016-17,28,GSW,NBA,PF,62,62,33.4,8.9,16.5,.537,1.9,5.0,.375,7.0,11.5,.608,.594,5.4,6.2,.875,0.6,7.6,8.3,4.8,1.1,1.6,2.2,1.9,25.1,27.6,.651,.304,.374,2.2,23.6,13.6,23.1,1.5,3.8,10.4,27.8,8.0,4.0,12.0,.278,6.7,2.2,8.9,5.7
Andre Roberson,2016-17,25,OKC,NBA,SF,79,79,30.1,2.7,5.9,.464,0.6,2.3,.245,2.2,3.5,.609,.513,0.6,1.4,.423,1.2,3.9,5.1,1.0,1.2,1.0,0.6,2.6,6.6,9.6,.510,.397,.240,4.6,14.2,9.4,4.6,1.9,2.7,9.1,10.1,1.1,3.1,4.2,.085,-2.5,1.4,-1.0,0.6
John Wall,2016-17,26,WAS,NBA,PG,78,78,36.4,8.3,18.4,.451,1.1,3.5,.327,7.2,14.9,.480,.482,5.4,6.8,.801,0.8,3.4,4.2,10.7,2.0,0.6,4.1,1.9,23.1,23.2,.541,.190,.367,2.4,10.6,6.5,46.9,2.7,1.4,16.2,30.6,5.8,3.0,8.8,.149,4.6,0.1,4.7,4.8
DeMar DeRozan,2016-17,27,TOR,NBA,SG,74,74,35.4,9.7,20.9,.467,0.4,1.7,.266,9.3,19.2,.484,.477,7.4,8.7,.842,0.9,4.3,5.2,3.9,1.1,0.2,2.4,1.8,27.3,24.0,.552,.080,.419,3.0,13.6,8.3,20.6,1.5,0.4,9.0,34.3,6.7,2.4,9.0,.166,4.1,-1.0,3.0,3.3
LeBron James,2016-17,32,CLE,NBA,SF,74,74,37.8,9.9,18.2,.548,1.7,4.6,.363,8.3,13.5,.611,.594,4.8,7.2,.674,1.3,7.3,8.6,8.7,1.2,0.6,4.1,1.8,26.4,27.0,.619,.254,.395,4.0,20.7,12.6,41.3,1.6,1.3,16.1,30.0,9.8,3.0,12.9,.221,6.4,1.2,7.6,6.7
Hassan Whiteside,2016-17,27,MIA,NBA,C,77,77,32.6,7.0,12.6,.557,0.0,0.0,,7.0,12.6,.557,.557,2.9,4.6,.628,3.8,10.3,14.1,0.7,0.7,2.1,2.0,2.9,17.0,22.6,.579,.000,.368,12.8,35.3,24.0,3.8,1.1,5.0,12.0,22.7,4.2,5.3,9.5,.181,0.9,0.5,1.5,2.2
James Harden,2016-17,27,HOU,NBA,PG,81,81,36.4,8.3,18.9,.440,3.2,9.3,.347,5.1,9.6,.530,.525,9.2,10.9,.847,1.2,7.0,8.1,11.2,1.5,0.5,5.7,2.7,29.1,27.4,.613,.493,.575,3.5,20.9,12.2,50.7,2.0,1.0,19.5,34.2,11.5,3.6,15.0,.245,7.5,1.2,8.7,8.0
Rudy Gobert,2016-17,24,UTA,NBA,C,81,81,33.9,5.1,7.7,.661,0.0,0.0,.000,5.1,7.7,.662,.661,3.8,5.9,.653,3.9,8.9,12.8,1.2,0.6,2.6,1.8,3.0,14.0,23.3,.681,.002,.762,13.6,29.5,21.8,5.7,0.9,6.4,15.0,16.7,8.3,6.0,14.3,.250,2.2,2.2,4.4,4.4
Isaiah Thomas,2016-17,27,BOS,NBA,PG,76,76,33.8,9.0,19.4,.463,3.2,8.5,.379,5.8,10.9,.528,.546,7.8,8.5,.909,0.6,2.1,2.7,5.9,0.9,0.2,2.8,2.2,28.9,26.5,.625,.439,.441,1.9,7.0,4.4,32.5,1.4,0.4,10.7,34.0,10.9,1.6,12.5,.234,7.8,-1.1,6.7,5.6
Stephen Curry,2016-17,28,GSW,NBA,PG,79,79,33.4,8.5,18.3,.468,4.1,10.0,.411,4.4,8.3,.537,.580,4.1,4.6,.898,0.8,3.7,4.5,6.6,1.8,0.2,3.0,2.3,25.3,24.6,.624,.547,.251,2.7,11.4,7.3,31.2,2.6,0.5,13.0,30.1,8.7,3.9,12.6,.229,6.7,0.3,6.9,5.9
Kawhi Leonard,2016-17,25,SAS,NBA,SF,74,74,33.4,8.6,17.7,.485,2.0,5.2,.380,6.6,12.5,.529,.541,6.3,7.2,.880,1.1,4.7,5.8,3.5,1.8,0.7,2.1,1.6,25.5,27.6,.610,.295,.406,3.7,15.7,9.8,18.9,2.7,1.8,9.1,31.1,8.9,4.7,13.6,.264,7.1,2.2,9.4,7.1
Anthony Davis,2016-17,23,NOP,NBA,C,75,75,36.1,10.3,20.3,.505,0.5,1.8,.299,9.7,18.6,.524,.518,6.9,8.6,.802,2.3,9.5,11.8,2.1,1.3,2.2,2.4,2.2,28.0,27.5,.580,.088,.424,6.7,27.9,17.2,11.1,1.7,5.1,9.1,32.6,5.9,5.1,11.0,.195,4.4,1.4,5.9,5.4
Russell Westbrook,2016-17,28,OKC,NBA,PG,81,81,34.6,10.2,24.0,.425,2.5,7.2,.343,7.7,16.8,.459,.476,8.8,10.4,.845,1.7,9.0,10.7,10.4,1.6,0.4,5.4,2.3,31.6,30.6,.554,.300,.433,5.4,28.8,17.1,57.3,2.3,0.9,15.9,41.7,8.5,4.6,13.1,.224,8.7,2.4,11.1,9.3
Draymond Green,2017-18,27,GSW,NBA,PF,70,70,32.7,4.0,8.8,.454,1.1,3.7,.301,2.9,5.2,.562,.516,1.9,2.5,.775,1.1,6.6,7.6,7.3,1.4,1.3,2.9,2.6,11.0,16.1,.556,.414,.279,3.9,21.1,13.1,29.0,2.0,3.1,22.5,17.2,2.6,3.4,6.1,.127,0.9,1.9,2.8,2.8
Jimmy Butler,2017-18,28,MIN,NBA,SG,59,59,36.7,7.4,15.6,.474,1.2,3.4,.350,6.2,12.2,.509,.512,6.2,7.2,.854,1.3,4.0,5.3,4.9,2.0,0.4,1.8,1.3,22.2,23.7,.590,.217,.461,4.2,12.7,8.4,20.6,2.7,1.0,8.9,24.9,7.1,1.8,8.9,.198,5.0,0.7,5.8,4.2
LeBron James,2017-18,33,CLE,NBA,PF,82,82,36.9,10.5,19.3,.542,1.8,5.0,.367,8.6,14.3,.603,.590,4.7,6.5,.731,1.2,7.5,8.6,9.1,1.4,0.9,4.2,1.7,27.5,28.6,.621,.257,.336,3.7,22.3,13.1,44.4,1.9,2.0,16.1,31.6,11.0,3.0,14.0,.221,7.3,1.4,8.7,8.2
Jaylen Brown,2017-18,21,BOS,NBA,SG,70,70,30.7,5.3,11.5,.465,1.7,4.4,.395,3.6,7.1,.507,.540,2.1,3.3,.644,0.9,4.0,4.9,1.6,1.0,0.4,1.8,2.6,14.5,13.6,.562,.381,.290,3.4,14.0,8.8,8.5,1.6,1.0,12.0,21.4,1.2,3.2,4.5,.100,-0.8,0.3,-0.5,0.8
Andre Drummond,2017-18,24,DET,NBA,C,78,78,33.7,6.0,11.3,.529,0.0,0.1,.000,6.0,11.2,.536,.529,3.1,5.1,.605,5.1,10.9,16.0,3.0,1.5,1.6,2.6,3.2,15.0,22.9,.555,.012,.448,16.4,36.4,26.2,14.3,2.2,4.3,15.9,21.2,4.6,5.7,10.3,.189,1.5,1.7,3.2,3.4
Rudy Gobert,2017-18,25,UTA,NBA,C,56,56,32.4,4.9,7.9,.622,0.0,0.0,,4.9,7.9,.622,.622,3.6,5.3,.682,2.9,7.8,10.7,1.4,0.8,2.3,1.9,2.7,13.5,20.7,.657,.000,.673,10.4,27.0,18.8,6.9,1.2,6.0,15.7,16.9,4.2,3.9,8.1,.214,0.9,2.5,3.4,2.5
Damian Lillard,2017-18,27,POR,NBA,PG,73,73,36.6,8.5,19.4,.439,3.1,8.6,.361,5.4,10.8,.501,.519,6.8,7.4,.916,0.8,3.6,4.5,6.6,1.1,0.4,2.8,1.6,26.9,25.2,.594,.445,.380,2.6,10.6,6.6,30.9,1.4,0.8,11.1,30.6,9.9,2.7,12.6,.227,7.0,0.3,7.2,6.3
Russell Westbrook,2017-18,29,OKC,NBA,PG,80,80,36.4,9.5,21.1,.449,1.2,4.1,.298,8.3,17.0,.485,.477,5.2,7.1,.737,1.9,8.2,10.1,10.3,1.8,0.3,4.8,2.5,25.4,24.7,.524,.193,.336,5.6,25.7,15.3,49.8,2.5,0.6,16.4,34.1,5.5,4.5,10.1,.166,4.8,1.5,6.3,6.1
Joel Embiid,2017-18,23,PHI,NBA,C,63,63,30.3,8.1,16.8,.483,1.0,3.4,.308,7.0,13.4,.527,.514,5.7,7.4,.769,2.3,8.7,11.0,3.2,0.6,1.8,3.7,3.3,22.9,22.9,.573,.203,.442,8.4,29.7,19.4,18.0,1.0,4.8,15.6,33.4,2.3,3.8,6.2,.155,2.0,1.3,3.3,2.6
Giannis Antetokounmpo,2017-18,23,MIL,NBA,PF,75,75,36.7,9.9,18.7,.529,0.6,1.9,.307,9.3,16.8,.554,.545,6.5,8.5,.760,2.1,8.0,10.0,4.8,1.5,1.4,3.0,3.1,26.9,27.3,.598,.100,.457,6.7,25.3,16.0,23.7,2.0,3.3,11.7,31.2,8.3,3.6,11.9,.207,5.3,0.9,6.2,5.7
Jrue Holiday,2017-18,27,NOP,NBA,SG,81,81,36.1,7.6,15.4,.494,1.5,4.4,.337,6.1,11.0,.557,.543,2.3,2.9,.786,0.8,3.7,4.5,6.0,1.5,0.8,2.6,2.5,19.0,17.8,.570,.286,.191,2.4,10.8,6.8,24.9,2.0,1.7,13.6,23.1,4.2,2.9,7.1,.116,1.3,0.3,1.6,2.7
James Harden,2017-18,28,HOU,NBA,SG,72,72,35.4,9.0,20.1,.449,3.7,10.0,.367,5.4,10.1,.531,.541,8.7,10.1,.858,0.6,4.8,5.4,8.8,1.8,0.7,4.4,2.3,30.4,29.8,.619,.498,.502,1.8,15.2,8.6,45.1,2.4,1.7,15.1,36.1,11.6,3.8,15.4,.289,8.5,1.4,9.9,7.7
Stephen Curry,2017-18,29,GSW,NBA,PG,51,51,32.0,8.4,16.9,.495,4.2,9.8,.423,4.2,7.1,.595,.618,5.5,5.9,.921,0.7,4.4,5.1,6.1,1.6,0.2,3.0,2.2,26.4,28.2,.675,.580,.350,2.7,14.4,9.0,30.3,2.4,0.4,13.3,31.0,7.2,1.9,9.1,.267,7.8,0.0,7.7,4.0
LaMarcus Aldridge,2017-18,32,SAS,NBA,C,75,75,33.5,9.2,18.0,.510,0.4,1.2,.293,8.8,16.7,.526,.520,4.5,5.3,.837,3.3,5.2,8.5,2.0,0.6,1.2,1.5,2.1,23.1,25.0,.570,.068,.296,10.8,17.3,14.0,11.3,0.9,3.0,6.8,29.1,7.4,3.5,10.9,.209,4.3,-0.4,3.9,3.7
Robert Covington,2017-18,27,PHI,NBA,SF,80,80,31.7,4.3,10.5,.413,2.5,6.9,.369,1.8,3.6,.497,.534,1.5,1.7,.853,0.7,4.7,5.4,2.0,1.7,0.9,1.6,3.0,12.6,12.9,.563,.658,.163,2.4,15.5,9.2,8.7,2.6,2.4,12.3,17.2,1.6,4.5,6.1,.116,-0.2,1.7,1.5,2.3
Kevin Durant,2017-18,29,GSW,NBA,SF,68,68,34.2,9.3,18.0,.516,2.5,6.1,.419,6.7,11.9,.565,.586,5.3,5.9,.889,0.5,6.4,6.8,5.4,0.7,1.8,3.0,2.0,26.4,26.0,.640,.338,.331,1.6,19.5,11.2,25.5,1.0,4.0,12.9,30.4,7.5,2.9,10.4,.215,6.7,0.6,7.3,5.5
Clint Capela,2017-18,23,HOU,NBA,C,74,74,27.5,6.0,9.1,.652,0.0,0.0,.000,6.0,9.1,.653,.652,1.9,3.5,.560,3.3,7.6,10.8,0.9,0.8,1.9,1.4,2.5,13.9,24.5,.650,.001,.380,13.5,30.8,22.2,5.7,1.4,5.7,11.5,19.4,6.2,4.1,10.2,.242,2.4,1.0,3.4,2.8
Paul George,2017-18,27,OKC,NBA,SF,79,79,36.6,7.3,17.0,.430,3.1,7.7,.401,4.2,9.3,.454,.521,4.3,5.2,.822,0.9,4.7,5.7,3.3,2.0,0.5,2.7,2.9,21.9,18.7,.570,.454,.307,2.7,14.9,8.6,14.5,2.8,1.2,12.2,25.7,5.0,3.9,8.9,.147,2.3,0.6,2.9,3.6
Al Horford,2017-18,31,BOS,NBA,C,72,72,31.6,5.1,10.5,.489,1.3,3.1,.429,3.8,7.3,.514,.553,1.3,1.7,.783,1.4,5.9,7.4,4.7,0.6,1.1,1.8,1.9,12.9,17.6,.575,.300,.159,5.0,20.2,12.7,23.6,0.9,2.9,14.1,18.4,4.0,3.8,7.8,.165,2.4,2.0,4.4,3.7
DeMar DeRozan,2017-18,28,TOR,NBA,SG,80,80,33.9,8.1,17.7,.456,1.1,3.6,.310,7.0,14.1,.494,.488,5.8,7.0,.825,0.7,3.2,3.9,5.2,1.1,0.3,2.2,1.9,23.0,21.0,.555,.203,.396,2.5,10.4,6.5,25.0,1.5,0.6,9.5,29.6,6.8,2.8,9.6,.170,3.3,-0.6,2.8,3.2
Victor Oladipo,2017-18,25,IND,NBA,SG,75,75,34.0,8.5,17.9,.477,2.1,5.8,.371,6.4,12.1,.528,.537,3.9,4.9,.799,0.6,4.6,5.2,4.3,2.4,0.8,2.9,2.3,23.1,23.1,.577,.323,.274,2.1,15.1,8.6,21.2,3.5,2.0,12.7,30.1,4.3,4.0,8.2,.155,4.1,1.7,5.8,5.0
Steven Adams,2017-18,24,OKC,NBA,C,76,76,32.7,5.9,9.4,.629,0.0,0.0,.000,5.9,9.3,.631,.629,2.1,3.8,.559,5.1,4.0,9.0,1.2,1.2,1.0,1.7,2.8,13.9,20.6,.630,.003,.402,16.6,13.9,15.3,5.5,1.8,2.8,13.3,16.7,6.7,3.0,9.7,.187,1.7,-0.6,1.1,2.0
Klay Thompson,2017-18,27,GSW,NBA,SG,73,73,34.3,7.9,16.2,.488,3.1,7.1,.440,4.7,9.0,.526,.585,1.1,1.3,.837,0.4,3.4,3.8,2.5,0.8,0.5,1.8,1.6,20.0,16.0,.598,.442,.083,1.5,10.3,6.2,11.2,1.1,1.1,9.5,23.7,3.1,1.8,4.9,.094,1.7,-2.1,-0.4,1.0
Anthony Davis,2017-18,24,NOP,NBA,PF,75,75,36.4,10.4,19.5,.534,0.7,2.2,.340,9.7,17.3,.558,.552,6.6,8.0,.828,2.5,8.6,11.1,2.3,1.5,2.6,2.2,2.1,28.1,28.9,.612,.111,.409,7.7,24.8,16.5,10.8,2.0,5.6,8.6,30.0,8.8,4.9,13.7,.241,5.3,1.4,6.7,5.9
Jusuf Nurkić,2017-18,23,POR,NBA,C,79,79,26.4,6.1,12.0,.505,0.0,0.1,.000,6.1,11.9,.508,.505,2.2,3.5,.630,2.4,6.6,9.0,1.8,0.8,1.4,2.3,3.1,14.3,19.2,.528,.007,.287,10.0,26.9,18.5,11.7,1.5,4.3,14.6,26.4,0.8,3.9,4.7,.108,-1.1,1.1,0.0,1.1
Draymond Green,2018-19,28,GSW,NBA,PF,66,66,31.3,2.8,6.4,.445,0.7,2.5,.285,2.1,3.9,.549,.501,1.0,1.4,.692,0.9,6.4,7.3,6.9,1.4,1.1,2.6,3.0,7.4,12.9,.526,.391,.216,3.2,20.8,12.4,26.8,2.2,2.8,26.8,13.1,1.1,3.2,4.3,.100,-1.3,2.7,1.4,1.8
Patrick Beverley,2018-19,30,LAC,NBA,PG,78,49,27.4,2.5,6.1,.407,1.4,3.6,.397,1.1,2.5,.421,.524,1.2,1.6,.780,1.0,4.0,5.0,3.8,0.9,0.6,1.1,3.4,7.6,11.8,.561,.591,.258,3.9,15.0,9.6,18.4,1.5,1.6,13.8,12.2,2.8,2.0,4.8,.108,-0.3,1.2,0.9,1.5
Joel Embiid,2018-19,24,PHI,NBA,C,64,64,33.7,9.1,18.7,.484,1.2,4.1,.300,7.8,14.6,.535,.517,8.2,10.1,.804,2.5,11.1,13.6,3.7,0.7,1.9,3.5,3.3,27.5,26.1,.593,.219,.541,8.1,34.0,21.4,18.4,1.0,4.4,13.2,33.3,4.9,3.8,8.7,.194,4.0,0.9,4.9,3.8
Giannis Antetokounmpo,2018-19,24,MIL,NBA,PF,72,72,32.8,10.0,17.3,.578,0.7,2.8,.256,9.3,14.5,.641,.599,6.9,9.5,.729,2.2,10.3,12.5,5.9,1.3,1.5,3.7,3.2,27.7,30.9,.644,.163,.550,7.3,30.0,19.3,30.3,1.8,3.9,14.8,32.3,8.9,5.5,14.4,.292,6.3,4.1,10.4,7.4
Kevin Durant,2018-19,30,GSW,NBA,SF,78,78,34.6,9.2,17.7,.521,1.8,5.0,.353,7.5,12.8,.587,.571,5.7,6.5,.885,0.4,5.9,6.4,5.9,0.7,1.1,2.9,2.0,26.0,24.2,.631,.281,.366,1.4,17.5,9.8,26.2,1.0,2.6,12.3,29.0,8.6,2.9,11.5,.204,5.4,0.1,5.5,5.1
Jarrett Allen,2018-19,20,BRK,NBA,C,80,80,26.2,4.2,7.1,.590,0.1,0.6,.133,4.1,6.5,.629,.595,2.5,3.5,.709,2.4,6.0,8.4,1.4,0.5,1.5,1.3,2.3,10.9,18.5,.632,.079,.489,9.6,24.0,16.8,7.9,1.0,4.5,13.0,15.9,4.4,3.3,7.6,.175,0.2,1.4,1.6,1.9
LeBron James,2018-19,34,LAL,NBA,SF,55,55,35.2,10.1,19.9,.510,2.0,5.9,.339,8.1,14.0,.582,.560,5.1,7.6,.665,1.0,7.4,8.5,8.3,1.3,0.6,3.6,1.7,27.4,25.6,.588,.299,.382,3.1,21.3,12.4,39.4,1.7,1.4,13.3,31.6,4.7,2.6,7.2,.179,6.4,1.7,8.0,4.9
Myles Turner,2018-19,22,IND,NBA,C,74,74,28.6,5.1,10.5,.487,1.0,2.6,.388,4.1,7.9,.521,.536,2.0,2.7,.736,1.4,5.8,7.2,1.6,0.8,2.7,1.4,2.6,13.3,18.0,.567,.251,.258,5.4,22.0,13.9,8.0,1.4,8.4,10.3,20.0,1.9,4.4,6.3,.144,0.0,2.4,2.5,2.4
Nikola Jokić,2018-19,23,DEN,NBA,C,80,80,31.3,7.7,15.1,.511,1.0,3.4,.307,6.7,11.7,.569,.545,3.6,4.4,.821,2.9,8.0,10.8,7.3,1.4,0.7,3.1,2.9,20.1,26.3,.589,.224,.292,9.8,27.6,18.7,37.0,2.1,1.9,15.4,27.4,7.5,4.3,11.8,.226,6.2,2.9,9.1,7.0
James Harden,2018-19,29,HOU,NBA,PG,78,78,36.8,10.8,24.5,.442,4.8,13.2,.368,6.0,11.3,.528,.541,9.7,11.0,.879,0.8,5.8,6.6,7.5,2.0,0.7,5.0,3.1,36.1,30.6,.616,.539,.449,2.5,17.8,10.0,39.5,2.7,1.7,14.5,40.5,11.4,3.8,15.2,.254,9.4,1.6,11.0,9.3
Marcus Smart,2018-19,24,BOS,NBA,SG,80,60,27.5,3.0,7.1,.422,1.6,4.3,.364,1.4,2.8,.511,.533,1.3,1.6,.806,0.7,2.2,2.9,4.0,1.8,0.4,1.5,2.5,8.9,13.1,.568,.610,.228,2.8,8.6,5.7,19.1,3.1,1.1,16.5,14.6,2.2,3.1,5.3,.116,-1.2,2.0,0.8,1.5
Rudy Gobert,2018-19,26,UTA,NBA,C,81,80,31.8,5.9,8.8,.669,0.0,0.0,,5.9,8.8,.669,.669,4.1,6.4,.636,3.8,9.0,12.9,2.0,0.8,2.3,1.6,2.9,15.9,24.6,.682,.000,.733,13.2,30.2,21.9,9.6,1.2,5.8,12.1,17.8,8.7,5.7,14.4,.268,3.0,2.5,5.4,4.8
Stephen Curry,2018-19,30,GSW,NBA,PG,69,69,33.8,9.2,19.4,.472,5.1,11.7,.437,4.0,7.7,.525,.604,3.8,4.2,.916,0.7,4.7,5.3,5.2,1.3,0.4,2.8,2.4,27.3,24.4,.641,.604,.214,2.2,14.2,8.4,24.2,1.9,0.9,11.6,30.4,7.2,2.5,9.7,.199,7.1,-0.5,6.6,5.1
Russell Westbrook,2018-19,30,OKC,NBA,PG,73,73,36.0,8.6,20.2,.428,1.6,5.6,.290,7.0,14.5,.481,.468,4.1,6.2,.656,1.5,9.6,11.1,10.7,1.9,0.5,4.5,3.4,22.9,21.1,.501,.279,.306,4.1,28.3,15.8,46.5,2.5,1.1,16.3,30.9,1.8,5.0,6.8,.124,2.8,2.4,5.2,4.7
Kawhi Leonard,2018-19,27,TOR,NBA,SF,60,60,34.0,9.3,18.8,.496,1.9,5.0,.371,7.5,13.8,.542,.546,6.1,7.1,.854,1.3,6.0,7.3,3.3,1.8,0.4,2.0,1.5,26.6,25.8,.606,.267,.377,4.2,18.6,11.6,16.4,2.5,1.0,8.4,30.3,6.1,3.4,9.5,.224,6.1,1.1,7.2,4.7
Paul George,2018-19,28,OKC,NBA,SF,77,77,36.9,9.2,21.0,.438,3.8,9.8,.386,5.4,11.1,.484,.529,5.9,7.0,.839,1.4,6.8,8.2,4.1,2.2,0.4,2.7,2.8,28.0,23.3,.583,.469,.335,3.7,19.6,11.4,17.7,2.8,1.0,10.0,29.5,7.0,4.9,11.9,.201,5.6,1.6,7.2,6.6
Damian Lillard,2018-19,28,POR,NBA,PG,80,80,35.5,8.5,19.2,.444,3.0,8.0,.369,5.6,11.1,.499,.522,5.9,6.4,.912,0.9,3.8,4.6,6.9,1.1,0.4,2.7,1.9,25.8,23.7,.588,.419,.335,2.6,11.1,7.0,30.6,1.5,1.0,10.8,29.3,9.7,2.4,12.1,.205,6.6,-0.3,6.4,6.0
Chris Paul,2019-20,34,OKC,NBA,PG,70,70,31.5,6.2,12.7,.489,1.6,4.3,.365,4.6,8.3,.554,.552,3.6,4.0,.907,0.4,4.6,5.0,6.7,1.6,0.2,2.3,2.3,17.6,21.7,.610,.343,.315,1.3,15.7,8.7,34.0,2.4,0.4,13.8,23.3,5.9,3.0,8.9,.193,3.0,1.4,4.4,3.5
Jimmy Butler,2019-20,30,MIA,NBA,SF,58,58,33.8,5.9,13.1,.455,0.5,2.1,.244,5.4,11.0,.495,.474,7.6,9.1,.834,1.8,4.8,6.7,6.0,1.8,0.6,2.2,1.4,19.9,23.6,.585,.157,.693,6.3,15.4,11.0,28.1,2.6,1.6,11.4,25.1,6.3,2.7,9.0,.221,4.0,1.5,5.4,3.7
Patrick Beverley,2019-20,31,LAC,NBA,PG,51,50,26.3,2.9,6.7,.431,1.6,4.0,.388,1.3,2.6,.496,.548,0.6,0.9,.660,1.1,4.1,5.2,3.6,1.1,0.5,1.3,3.1,7.9,12.5,.560,.604,.138,4.5,15.8,10.3,18.2,1.9,1.6,15.4,13.3,1.6,2.0,3.6,.128,-0.3,2.5,2.2,1.4
LeBron James,2019-20,35,LAL,NBA,PG,67,67,34.6,9.6,19.4,.493,2.2,6.3,.348,7.4,13.1,.564,.550,3.9,5.7,.693,1.0,6.9,7.8,10.2,1.2,0.5,3.9,1.8,25.3,25.5,.577,.326,.292,3.2,21.5,12.4,49.1,1.6,1.4,15.1,31.5,6.2,3.6,9.8,.204,6.6,1.8,8.4,6.1
Andre Drummond,2019-20,26,TOT,NBA,C,57,56,33.0,7.3,13.8,.533,0.1,0.6,.143,7.2,13.1,.551,.536,3.0,5.2,.575,4.4,10.8,15.2,2.7,1.9,1.6,3.6,3.5,17.7,22.0,.553,.045,.375,14.9,37.5,26.0,13.6,2.8,4.2,18.2,25.9,0.6,3.6,4.2,.108,-0.1,1.1,0.9,1.4
Rudy Gobert,2019-20,27,UTA,NBA,C,68,68,34.3,5.7,8.2,.693,0.0,0.0,,5.7,8.2,.693,.693,3.7,5.9,.630,3.4,10.1,13.5,1.5,0.8,2.0,1.9,3.2,15.1,21.7,.699,.000,.724,11.2,31.3,21.6,6.5,1.1,4.8,15.0,16.2,6.5,4.2,10.7,.221,1.7,1.9,3.6,3.3
Brook Lopez,2019-20,31,MIL,NBA,C,68,67,26.7,4.3,9.9,.435,1.5,4.8,.314,2.8,5.1,.549,.511,1.9,2.2,.836,0.9,3.7,4.6,1.5,0.7,2.4,1.0,2.4,12.0,15.0,.551,.484,.227,3.4,13.0,8.5,7.4,1.2,7.9,8.7,18.3,1.4,4.1,5.5,.145,-0.4,2.5,2.0,1.9
Damian Lillard,2019-20,29,POR,NBA,PG,66,66,37.5,9.5,20.4,.463,4.1,10.2,.401,5.4,10.2,.524,.563,7.0,7.8,.888,0.5,3.8,4.3,8.0,1.1,0.3,2.9,1.7,30.0,26.9,.627,.500,.384,1.4,10.5,6.0,34.4,1.3,0.8,11.0,30.3,10.9,0.7,11.6,.225,8.3,-0.9,7.5,5.9
Giannis Antetokounmpo,2019-20,25,MIL,NBA,PF,63,63,30.4,10.9,19.7,.553,1.4,4.7,.304,9.5,15.0,.631,.589,6.3,10.0,.633,2.2,11.4,13.6,5.6,1.0,1.0,3.7,3.1,29.5,31.9,.613,.237,.508,7.7,34.8,22.1,34.2,1.5,3.0,13.2,37.5,6.1,5.0,11.1,.279,7.4,4.1,11.5,6.6
Nikola Jokić,2019-20,24,DEN,NBA,C,73,73,32.0,7.7,14.7,.528,1.1,3.5,.314,6.6,11.2,.594,.565,3.4,4.1,.817,2.3,7.5,9.7,7.0,1.2,0.6,3.1,3.0,19.9,24.9,.605,.238,.281,8.0,26.1,17.1,35.2,1.8,1.7,15.8,26.6,6.7,3.1,9.8,.202,5.5,2.0,7.4,5.5
James Harden,2019-20,30,HOU,NBA,SG,68,68,36.5,9.9,22.3,.444,4.4,12.4,.355,5.5,9.9,.556,.543,10.2,11.8,.865,1.0,5.5,6.6,7.5,1.8,0.9,4.5,3.3,34.3,29.1,.626,.557,.528,2.9,16.0,9.4,35.9,2.3,2.1,14.2,36.3,9.9,3.2,13.1,.254,8.1,1.6,9.6,7.3
Marcus Smart,2019-20,25,BOS,NBA,SG,60,40,32.0,4.3,11.4,.375,2.3,6.6,.347,2.0,4.8,.415,.476,2.1,2.5,.836,0.7,3.1,3.8,4.9,1.7,0.5,1.7,2.7,12.9,13.8,.518,.579,.223,2.4,10.1,6.3,21.1,2.5,1.4,12.1,18.9,1.7,2.8,4.5,.112,0.0,1.4,1.4,1.6
Kawhi Leonard,2019-20,28,LAC,NBA,SF,57,57,32.4,9.3,19.9,.470,2.2,5.7,.378,7.2,14.2,.506,.524,6.2,7.1,.886,0.9,6.1,7.1,4.9,1.8,0.6,2.6,2.0,27.1,26.9,.589,.287,.355,3.1,19.1,11.3,26.4,2.6,1.6,10.2,33.0,5.4,3.3,8.7,.226,6.5,2.4,8.9,5.1
Bam Adebayo,2019-20,22,MIA,NBA,PF,72,72,33.6,6.1,11.0,.557,0.0,0.2,.143,6.1,10.8,.564,.558,3.7,5.3,.691,2.4,7.8,10.2,5.1,1.1,1.3,2.8,2.5,15.9,20.3,.598,.018,.484,8.5,24.9,17.0,24.2,1.7,3.8,17.6,21.2,4.6,3.9,8.5,.168,1.4,2.0,3.4,3.3
Hassan Whiteside,2019-20,30,POR,NBA,C,67,61,30.0,6.5,10.5,.621,0.1,0.1,.571,6.4,10.4,.622,.624,2.4,3.6,.686,3.9,9.7,13.5,1.2,0.4,2.9,1.8,2.9,15.5,25.0,.644,.010,.340,13.6,33.3,23.6,5.9,0.6,8.4,12.9,19.6,5.6,3.0,8.5,.204,2.5,0.7,3.2,2.6
Pascal Siakam,2019-20,25,TOR,NBA,PF,60,60,35.2,8.3,18.4,.453,2.2,6.1,.359,6.2,12.3,.499,.512,4.0,5.1,.792,1.1,6.3,7.3,3.5,1.0,0.9,2.5,2.8,22.9,17.9,.554,.331,.274,3.3,18.3,11.0,16.4,1.4,2.5,10.7,28.1,1.8,3.6,5.4,.123,1.3,0.5,1.8,2.0
Ben Simmons,2019-20,23,PHI,NBA,PG,57,57,35.4,6.6,11.4,.580,0.0,0.1,.286,6.5,11.2,.583,.581,3.2,5.2,.621,2.0,5.8,7.8,8.0,2.1,0.6,3.5,3.3,16.4,20.4,.602,.011,.461,6.2,18.2,12.2,33.8,2.9,1.4,20.4,20.9,3.8,3.1,6.9,.165,1.3,2.3,3.6,2.8
Jarrett Allen,2019-20,21,BRK,NBA,C,70,64,26.5,4.3,6.6,.649,0.0,0.1,.000,4.3,6.6,.658,.649,2.4,3.9,.633,3.1,6.5,9.6,1.6,0.6,1.3,1.1,2.3,11.1,20.7,.664,.013,.581,12.3,24.9,18.7,8.9,1.0,4.2,11.7,14.9,5.2,2.9,8.2,.212,1.4,1.0,2.3,2.0
Luka Dončić,2019-20,20,DAL,NBA,PG,61,61,33.6,9.5,20.6,.463,2.8,8.9,.316,6.7,11.7,.574,.531,7.0,9.2,.758,1.3,8.1,9.4,8.8,1.0,0.2,4.3,2.5,28.8,27.6,.585,.431,.448,4.1,25.0,14.7,45.7,1.5,0.6,14.8,36.8,6.5,2.3,8.8,.207,7.4,1.0,8.4,5.4
Jayson Tatum,2019-20,21,BOS,NBA,PF,66,66,34.3,8.4,18.6,.450,2.9,7.1,.403,5.5,11.5,.480,.527,3.8,4.7,.812,1.0,6.0,7.0,3.0,1.4,0.9,2.3,2.1,23.4,20.4,.567,.383,.255,3.1,18.5,10.9,14.5,2.0,2.3,10.2,28.6,3.2,3.7,6.9,.146,3.5,0.6,4.0,3.4
Anthony Davis,2019-20,26,LAL,NBA,PF,62,62,34.4,8.9,17.7,.503,1.2,3.5,.330,7.7,14.2,.546,.536,7.2,8.5,.846,2.3,7.0,9.3,3.2,1.5,2.3,2.5,2.5,26.1,27.4,.610,.199,.479,7.4,22.1,14.8,15.1,2.0,6.0,10.4,29.3,6.7,4.4,11.1,.250,5.4,2.6,8.0,5.4
Chris Paul,2020-21,35,PHO,NBA,PG,70,70,31.4,6.3,12.6,.499,1.5,3.7,.395,4.8,8.9,.543,.557,2.4,2.6,.934,0.4,4.1,4.5,8.9,1.4,0.3,2.2,2.4,16.4,21.4,.599,.294,.206,1.3,14.5,8.0,40.9,2.2,0.8,14.0,22.6,6.5,2.7,9.2,.201,3.5,1.1,4.6,3.6
Draymond Green,2020-21,30,GSW,NBA,PF,63,63,31.5,2.7,6.0,.447,0.5,2.0,.270,2.2,4.0,.535,.492,1.1,1.4,.795,0.9,6.3,7.1,8.9,1.7,0.8,3.0,3.1,7.0,13.3,.530,.332,.232,3.0,20.9,12.1,36.4,2.5,2.3,31.0,13.1,1.2,3.4,4.6,.112,-1.6,3.3,1.7,1.9
Jimmy Butler,2020-21,31,MIA,NBA,SF,52,52,33.6,7.0,14.2,.497,0.5,2.0,.245,6.6,12.2,.538,.514,6.9,8.0,.863,1.8,5.1,6.9,7.1,2.1,0.3,2.1,1.4,21.5,26.5,.607,.139,.565,6.3,17.1,11.8,35.1,3.1,1.1,10.6,26.6,6.6,2.7,9.3,.255,5.4,2.3,7.7,4.3
LeBron James,2020-21,36,LAL,NBA,PG,45,45,33.4,9.4,18.3,.513,2.3,6.3,.365,7.1,12.0,.591,.576,4.0,5.7,.698,0.6,7.0,7.7,7.8,1.1,0.6,3.7,1.6,25.0,24.2,.602,.346,.310,2.2,23.6,12.9,41.8,1.6,1.5,15.2,31.9,3.0,2.6,5.6,.179,5.9,2.3,8.1,3.8
Derrick Rose,2020-21,32,TOT,NBA,PG,50,3,25.6,5.7,12.2,.470,1.0,2.6,.388,4.7,9.6,.492,.511,2.2,2.5,.866,0.4,2.2,2.6,4.2,1.0,0.4,1.6,1.1,14.7,18.3,.550,.211,.208,1.7,9.3,5.5,28.0,1.9,1.4,10.5,25.8,1.6,1.6,3.1,.118,1.6,0.3,1.9,1.3
Rudy Gobert,2020-21,28,UTA,NBA,C,71,71,30.8,5.5,8.2,.675,0.0,0.1,.000,5.5,8.1,.680,.675,3.3,5.3,.623,3.4,10.1,13.5,1.3,0.6,2.7,1.7,2.3,14.3,23.5,.683,.007,.646,12.2,33.5,23.3,6.0,0.9,7.0,13.7,17.0,6.1,5.2,11.3,.248,2.1,2.8,4.9,3.8
Kentavious Caldwell-Pope,2020-21,27,LAL,NBA,SG,67,67,28.4,3.3,7.6,.431,1.8,4.4,.410,1.5,3.2,.460,.549,1.4,1.7,.866,0.4,2.3,2.7,1.9,0.9,0.4,1.0,1.7,9.7,10.7,.588,.579,.221,1.6,8.9,5.3,9.2,1.6,1.2,10.6,14.2,1.6,2.6,4.2,.107,-1.6,1.0,-0.5,0.7
Russell Westbrook,2020-21,32,WAS,NBA,PG,65,65,36.4,8.4,19.0,.439,1.3,4.2,.315,7.0,14.8,.475,.474,4.2,6.4,.656,1.7,9.9,11.5,11.7,1.4,0.4,4.8,2.9,22.2,19.5,.509,.221,.334,4.9,28.6,16.8,48.6,1.7,0.8,18.0,30.2,0.5,3.2,3.7,.075,2.6,1.1,3.7,3.4
Damian Lillard,2020-21,30,POR,NBA,PG,67,67,35.8,9.0,19.9,.451,4.1,10.5,.391,4.9,9.4,.519,.554,6.7,7.2,.928,0.5,3.7,4.2,7.5,0.9,0.3,3.0,1.5,28.8,25.6,.623,.528,.363,1.4,11.5,6.3,34.6,1.3,0.6,11.6,31.4,9.6,0.8,10.4,.209,7.5,-1.3,6.3,5.0
Joel Embiid,2020-21,26,PHI,NBA,C,51,51,31.1,9.0,17.6,.513,1.1,3.0,.377,7.9,14.6,.541,.545,9.2,10.7,.859,2.2,8.4,10.6,2.8,1.0,1.4,3.1,2.4,28.5,30.3,.636,.171,.610,8.0,29.1,18.7,16.2,1.5,3.9,12.2,35.3,5.6,3.2,8.8,.266,6.3,1.2,7.5,3.8
Giannis Antetokounmpo,2020-21,26,MIL,NBA,PF,61,61,33.0,10.3,18.0,.569,1.1,3.6,.303,9.2,14.4,.636,.600,6.5,9.5,.685,1.6,9.4,11.0,5.9,1.2,1.2,3.4,2.8,28.1,29.2,.633,.201,.528,5.3,28.9,17.5,28.7,1.7,3.2,13.2,32.5,6.9,3.3,10.2,.244,6.2,2.8,9.0,5.6
Jrue Holiday,2020-21,30,MIL,NBA,PG,59,56,32.3,7.0,13.9,.503,1.9,4.8,.392,5.1,9.2,.561,.570,1.8,2.3,.787,1.2,3.3,4.5,6.1,1.6,0.6,2.2,1.7,17.7,20.0,.592,.344,.165,4.2,10.4,7.4,26.3,2.4,1.7,12.6,22.2,4.3,2.2,6.6,.165,2.8,0.6,3.4,2.6
Myles Turner,2020-21,24,IND,NBA,C,47,47,31.0,4.4,9.2,.477,1.5,4.4,.335,2.9,4.8,.606,.557,2.4,3.0,.782,1.3,5.2,6.5,1.0,0.9,3.4,1.4,3.5,12.6,15.3,.599,.477,.329,4.7,18.0,11.4,4.4,1.3,8.8,11.9,16.4,1.1,2.2,3.3,.110,-1.6,2.0,0.4,0.9
Nikola Jokić,2020-21,25,DEN,NBA,C,72,72,34.6,10.2,18.0,.566,1.3,3.3,.388,8.9,14.7,.606,.602,4.8,5.5,.868,2.8,8.0,10.8,8.3,1.3,0.7,3.1,2.7,26.4,31.3,.647,.183,.305,9.4,26.1,17.8,40.4,1.9,1.9,13.1,29.6,12.2,3.4,15.6,.301,9.1,3.0,12.1,8.8
James Harden,2020-21,31,TOT,NBA,"PG,SG",44,43,36.6,7.8,16.7,.466,2.8,7.6,.362,5.0,9.1,.553,.548,6.3,7.3,.861,0.8,7.1,7.9,10.8,1.2,0.8,4.0,2.3,24.6,24.5,.618,.455,.440,2.5,20.6,11.9,44.4,1.6,1.8,16.8,28.4,5.3,1.7,7.0,.208,6.2,1.0,7.2,3.7
Stephen Curry,2020-21,32,GSW,NBA,PG,63,63,34.2,10.4,21.7,.482,5.3,12.7,.421,5.1,9.0,.569,.605,5.7,6.3,.916,0.5,5.0,5.5,5.8,1.2,0.1,3.4,1.9,32.0,26.3,.655,.587,.289,1.5,15.4,8.5,30.5,1.7,0.3,12.2,34.8,6.5,2.5,9.0,.201,8.3,0.4,8.7,5.8
Julius Randle,2020-21,26,NYK,NBA,PF,71,71,37.6,8.5,18.6,.456,2.3,5.5,.411,6.2,13.1,.474,.516,4.9,6.0,.811,1.2,9.0,10.2,6.0,0.9,0.3,3.4,3.2,24.1,19.7,.567,.294,.325,3.5,25.7,14.7,27.2,1.2,0.6,13.8,29.3,3.4,4.3,7.8,.140,2.9,0.9,3.8,3.9
Kawhi Leonard,2020-21,29,LAC,NBA,SF,52,52,34.1,8.9,17.5,.512,1.9,4.9,.398,7.0,12.6,.557,.568,5.0,5.7,.885,1.1,5.4,6.5,5.2,1.6,0.4,2.0,1.6,24.8,26.0,.622,.280,.325,3.6,17.4,10.7,24.9,2.3,1.1,9.2,28.6,6.4,2.4,8.8,.238,6.0,1.3,7.3,4.2
Bam Adebayo,2020-21,23,MIA,NBA,C,64,64,33.5,7.1,12.5,.570,0.0,0.1,.250,7.1,12.4,.573,.571,4.4,5.5,.799,2.2,6.7,9.0,5.4,1.2,1.0,2.6,2.3,18.7,22.7,.626,.010,.443,7.7,22.6,15.3,26.9,1.7,3.2,15.0,23.7,5.6,3.2,8.8,.197,2.9,2.0,4.9,3.7
Clint Capela,2020-21,26,ATL,NBA,C,63,63,30.1,6.6,11.0,.594,0.0,0.0,,6.6,11.0,.594,.594,2.1,3.6,.573,4.7,9.6,14.3,0.8,0.7,2.0,1.2,2.3,15.2,24.3,.601,.000,.327,17.5,34.3,26.1,4.1,1.1,6.0,8.4,19.9,4.9,3.3,8.2,.207,2.7,0.0,2.7,2.2
Matisse Thybulle,2020-21,23,PHI,NBA,SG,65,8,20.0,1.6,3.7,.420,0.7,2.2,.301,0.9,1.5,.590,.508,0.1,0.3,.444,0.5,1.4,1.9,1.0,1.6,1.1,0.5,2.0,3.9,10.1,.508,.588,.074,2.6,7.8,5.3,6.3,3.9,4.9,11.3,9.4,0.1,2.7,2.8,.102,-2.6,4.5,1.9,1.3
Ben Simmons,2020-21,24,PHI,NBA,PG,58,58,32.4,5.6,10.1,.557,0.1,0.2,.300,5.6,9.9,.562,.560,3.0,4.9,.613,1.6,5.6,7.2,6.9,1.6,0.6,3.0,2.9,14.3,18.3,.584,.017,.492,5.6,18.7,12.2,31.3,2.4,1.7,19.6,20.2,2.7,3.3,6.0,.153,0.7,2.2,2.9,2.3
Luka Dončić,2020-21,21,DAL,NBA,PG,66,66,34.3,9.8,20.5,.479,2.9,8.3,.350,6.9,12.2,.567,.550,5.2,7.1,.730,0.8,7.2,8.0,8.6,1.0,0.5,4.3,2.3,27.7,25.3,.587,.406,.349,2.7,22.9,12.8,44.1,1.4,1.5,15.3,36.0,5.1,2.6,7.7,.163,6.1,0.7,6.8,5.1
